1,1,2022,Atlanta Dream,Rhyne Howard,NULL,Kentucky,1,34,2.9,0.110,31.4,16.2,4.5,2.8
2,2,2022,Indiana Fever,NaLyssa Smith,NULL,Baylor,1,32,0.0,-0.001,30.7,13.5,7.9,1.4
3,3,2022,Washington Mystics,Shakira Austin,NULL,Ole Miss,1,36,3.1,0.160,21.6,8.7,6.5,0.9
4,4,2022,Indiana Fever,Emily Engstler,NULL,Louisville,1,35,0.4,0.024,18.2,5.2,5.2,1.5
5,5,2022,New York Liberty,Nyara Sabally,NULL,Oregon,0,NULL,NULL,NULL,NULL,NULL,NULL,NULL
6,6,2022,Indiana Fever,Lexie Hull,NULL,Stanford,1,26,-0.4,-0.043,12.8,3.8,1.5,0.7
7,7,2022,Dallas Wings,Veronica Burton,NULL,Northwestern,1,36,0.9,0.065,15.2,2.6,1.5,1.9
8,8,2022,Minnesota Lynx,Mya Hollingshed,NULL,Colorado,0,NULL,NULL,NULL,NULL,NULL,NULL,NULL
9,9,2022,Los Angeles Sparks,Rae Burrell,NULL,Tennessee,1,3,-0.1,-0.111,14.7,1.7,1.0,0.3
10,10,2022,Indiana Fever,Queen Egbo,NULL,Baylor,1,33,0.0,0.003,21.8,7.2,6.3,0.9
11,11,2022,Las Vegas Aces,Kierstan Bell,NULL,Florida Gulf Coast,1,21,-0.1,-0.024,5.8,1.3,0.9,0.3
12,12,2022,Connecticut Sun,Nia Clouden,NULL,Michigan State,1,28,0.4,0.062,8.9,2.1,0.8,0.8
13,13,2022,Minnesota Lynx,Khayla Pointer,NULL,LSU,1,10,-0.1,-0.092,5.8,2.2,0.8,0.2
14,14,2022,Washington Mystics,Christyn Williams,NULL,UConn,0,NULL,NULL,NULL,NULL,NULL,NULL,NULL
15,15,2022,Atlanta Dream,Naz Hillmon,NULL,Michigan,1,34,1.5,0.087,19.8,4.4,5.1,1.2
16,16,2022,Los Angeles Sparks,Kianna Smith,NULL,Louisville,1,11,-0.2,-0.054,10.3,2.6,0.8,0.5
17,17,2022,Seattle Storm,Elissa Cunane,NULL,NC State,1,3,0.0,0.012,3.3,0.7,1.7,0.0
18,18,2022,Seattle Storm,Lorela Cubaj,NULL,Georgia Tech,1,11,0.0,-0.013,8.0,0.7,2.1,0.4
19,19,2022,Los Angeles Sparks,Olivia Nelson-Ododa,NULL,UConn,1,30,0.5,0.044,14.5,4.0,2.9,0.4
20,20,2022,Indiana Fever,Destanni Henderson,NULL,South Carolina,1,36,-0.3,-0.018,16.4,5.3,1.6,2.5
21,21,2022,Seattle Storm,Evina Westbrook,NULL,UConn,1,20,0.0,0.009,10.3,2.8,1.0,1.2
22,22,2022,Minnesota Lynx,Kayla Jones,NULL,NC State,0,NULL,NULL,NULL,NULL,NULL,NULL,NULL
23,23,2022,Las Vegas Aces,Aisha Sheppard,NULL,Virginia Tech,1,23,-0.2,-0.040,7.6,1.5,0.6,0.3
24,24,2022,Connecticut Sun,Jordan Lewis,NULL,Baylor,0,NULL,NULL,NULL,NULL,NULL,NULL,NULL
25,25,2022,Indiana Fever,Meshya Williams-Holliday,NULL,Jackson State University,0,NULL,NULL,NULL,NULL,NULL,NULL,NULL
26,26,2022,Phoenix Mercury,Maya Dodson,NULL,Notre Dame,0,NULL,NULL,NULL,NULL,NULL,NULL,NULL
27,27,2022,Los Angeles Sparks,Amy Atwell,NULL,Hawaii,1,4,-0.2,-0.274,8.0,0.8,0.5,0.5
28,28,2022,Minnesota Lynx,Hannah Sjerven,NULL,South Dakota,1,3,0.0,-0.090,3.0,0.0,0.0,0.0
29,29,2022,New York Liberty,Sika Koné,Mali,NULL,0,NULL,NULL,NULL,NULL,NULL,NULL,NULL
30,30,2022,Dallas Wings,Jasmine Dickey,NULL,University of Delaware,1,20,-0.3,-0.143,4.7,1.1,0.6,0.1
31,31,2022,Dallas Wings,Jazz Bond,NULL,University of North Florida,0,NULL,NULL,NULL,NULL,NULL,NULL,NULL
32,32,2022,Phoenix Mercury,Macee Williams,NULL,IUPUI,0,NULL,NULL,NULL,NULL,NULL,NULL,NULL
33,33,2022,Seattle Storm,Jade Melbourne,Australia,NULL,0,NULL,NULL,NULL,NULL,NULL,NULL,NULL
34,34,2022,Indiana Fever,Ali Patberg,NULL,Indiana,0,NULL,NULL,NULL,NULL,NULL,NULL,NULL
35,35,2022,Las Vegas Aces,Faustine Aifuwa,NULL,LSU,0,NULL,NULL,NULL,NULL,NULL,NULL,NULL
36,36,2022,Connecticut Sun,Kiara Smith,NULL,Florida,0,NULL,NULL,NULL,NULL,NULL,NULL,NULL
37,1,2021,Dallas Wings,Charli Collier,NULL,Texas,2,45,0.5,0.046,9.4,2.9,2.5,0.2
38,2,2021,Dallas Wings,Awak Kuier,Finland,NULL,2,49,0.5,0.038,11.4,2.6,2.5,0.8
39,3,2021,Atlanta Dream,Aari McDonald,NULL,Arizona,2,66,2.3,0.068,20.7,8.9,2.0,2.3
40,4,2021,Indiana Fever,Kysre Gondrezick,NULL,West Virginia,1,19,-0.6,-0.129,9.1,1.9,1.0,0.9
41,5,2021,Dallas Wings,Chelsea Dungee,NULL,Arkansas,1,14,-0.3,-0.159,4.6,0.6,0.2,0.1
42,6,2021,New York Liberty,Michaela Onyenwere,NULL,UCLA,2,66,1.1,0.038,17.8,6.6,2.5,0.5
43,7,2021,Los Angeles Sparks,Jasmine Walker,NULL,Alabama,2,34,-1.0,-0.134,8.9,1.5,1.4,0.2
44,8,2021,Chicago Sky,Shyla Heal,Australia,NULL,1,4,-0.3,-0.410,7.8,2.0,0.8,0.8
45,9,2021,Minnesota Lynx,Rennia Davis,NULL,Tennessee,1,8,-0.1,-0.134,5.4,1.3,1.0,0.1
46,10,2021,Los Angeles Sparks,Stephanie Watts,NULL,UNC,1,6,-0.1,-0.061,14.0,2.5,3.7,0.5
47,11,2021,Seattle Storm,Aaliyah Wilson,NULL,Texas A&M,1,14,-0.5,-0.165,8.5,1.1,0.9,0.6
48,12,2021,Las Vegas Aces,Iliana Rupert,France,NULL,1,17,0.5,0.096,13.1,3.8,2.3,0.9
49,13,2021,Dallas Wings,Dana Evans,NULL,Louisville,2,62,0.7,0.045,9.7,3.8,0.6,1.1
50,14,2021,Las Vegas Aces,Destiny Slocum,NULL,Arkansas,2,24,0.1,0.018,7.3,1.5,1.0,0.7
51,15,2021,Atlanta Dream,Raquel Carrera Quintana,Spain,NULL,0,NULL,NULL,NULL,NULL,NULL,NULL,NULL
52,16,2021,Chicago Sky,Natasha Mack,NULL,Oklahoma State,1,4,0.0,0.065,4.5,1.5,1.0,0.0
53,17,2021,New York Liberty,DiDi Richards,NULL,Baylor,2,45,0.1,0.009,11.1,2.3,1.3,1.0
54,18,2021,Seattle Storm,Kiana Williams,NULL,Stanford,2,14,-0.1,-0.092,4.6,0.6,0.4,0.5
55,19,2021,Indiana Fever,Unique Thompson,NULL,Auburn,0,NULL,NULL,NULL,NULL,NULL,NULL,NULL
56,20,2021,Connecticut Sun,DiJonai Carrington,NULL,Baylor,2,60,1.3,0.059,14.2,5.2,2.6,0.8
57,21,2021,Connecticut Sun,Micaela Kelly,NULL,Central Michigan University,0,NULL,NULL,NULL,NULL,NULL,NULL,NULL
58,22,2021,Los Angeles Sparks,Arella Guirantes,NULL,Rutgers University,1,25,-0.4,-0.051,11.6,3.2,1.3,0.6
59,23,2021,Seattle Storm,N'dea Jones,NULL,Texas A&M,0,NULL,NULL,NULL,NULL,NULL,NULL,NULL
60,24,2021,Indiana Fever,Trinity Baptiste,NULL,Arizona,0,NULL,NULL,NULL,NULL,NULL,NULL,NULL
61,25,2021,New York Liberty,Valerie Higgins,NULL,University of the Pacific,0,NULL,NULL,NULL,NULL,NULL,NULL,NULL
62,26,2021,Indiana Fever,Chelsey Perry,NULL,University of Tennessee at Martin,1,6,-0.1,-0.115,6.7,2.2,1.0,0.3
63,27,2021,Atlanta Dream,Lindsey Pulliam,NULL,Northwestern,0,NULL,NULL,NULL,NULL,NULL,NULL,NULL
64,28,2021,Los Angeles Sparks,Ivana Raca,NULL,Wake Forest,0,NULL,NULL,NULL,NULL,NULL,NULL,NULL
65,29,2021,New York Liberty,Marine Fauthoux,France,NULL,0,NULL,NULL,NULL,NULL,NULL,NULL,NULL
66,30,2021,Connecticut Sun,Aleah Goodman,NULL,Oregon State,1,1,0.0,0.206,3.0,0.0,0.0,1.0
67,31,2021,Indiana Fever,Florencia Chagas,Argentina,NULL,0,NULL,NULL,NULL,NULL,NULL,NULL,NULL
68,32,2021,Phoenix Mercury,Ciera Johnson,NULL,Texas A&M,0,NULL,NULL,NULL,NULL,NULL,NULL,NULL
69,33,2021,Indiana Fever,Maya Caldwell,NULL,Georgia,1,9,0.7,0.138,23.8,10.9,2.4,2.2
70,34,2021,Los Angeles Sparks,Aina Ayuso,Spain,NULL,0,NULL,NULL,NULL,NULL,NULL,NULL,NULL
71,35,2021,Seattle Storm,Natalie Kucowski,NULL,Lafayette College,0,NULL,NULL,NULL,NULL,NULL,NULL,NULL
72,36,2021,Las Vegas Aces,Kionna Jeter,NULL,Towson University,0,NULL,NULL,NULL,NULL,NULL,NULL,NULL
73,1,2020,New York Liberty,Sabrina Ionescu,NULL,Oregon,3,69,5.9,0.110,31.0,15.0,6.3,6.1
74,2,2020,Dallas Wings,Satou Sabally,NULL,Oregon,3,44,2.4,0.086,25.3,12.5,6.3,2.5
75,3,2020,Indiana Fever,Lauren Cox,NULL,Baylor,2,40,0.6,0.053,12.2,3.0,3.1,0.8
76,4,2020,Atlanta Dream,Chennedy Carter,NULL,Texas A&M,3,51,0.9,0.035,21.2,12.7,1.9,2.7
77,5,2020,Dallas Wings,Bella Alarie,NULL,Princeton,2,53,1.4,0.076,13.5,2.6,3.1,0.5
78,6,2020,Minnesota Lynx,Mikiah Herbert Harrigan,NULL,South Carolina,2,22,0.2,0.029,10.7,3.6,2.2,0.3
79,7,2020,Dallas Wings,Tyasha Harris,NULL,South Carolina,3,88,1.6,0.044,16.9,5.2,1.2,2.7
80,8,2020,Chicago Sky,Ruthy Hebard,NULL,Oregon,3,76,3.7,0.140,13.9,4.7,3.4,0.6
81,9,2020,New York Liberty,Megan Walker,NULL,UConn,3,59,-1.2,-0.066,12.6,3.9,1.3,0.6
82,10,2020,Phoenix Mercury,Jocelyn Willoughby,NULL,Virginia,2,33,-0.1,-0.006,15.3,4.8,2.2,0.7
83,11,2020,Seattle Storm,Kitija Laksa,Latvia,NULL,0,NULL,NULL,NULL,NULL,NULL,NULL,NULL
84,12,2020,New York Liberty,Jazmine Jones,NULL,Louisville,3,55,-0.3,-0.015,16.8,6.9,2.7,1.4
85,13,2020,New York Liberty,Kylee Shook,NULL,Louisville,2,50,0.4,0.020,17.1,5.0,3.5,1.0
86,14,2020,Indiana Fever,Kathleen Doyle,NULL,Iowa,1,18,-0.7,-0.189,8.6,1.5,0.8,1.1
87,15,2020,New York Liberty,Leaonna Odom,NULL,Duke,2,40,1.1,0.063,16.8,4.4,1.8,0.6
88,16,2020,Minnesota Lynx,Crystal Dangerfield,NULL,UConn,3,85,3.9,0.079,23.1,8.9,2.0,2.9
89,17,2020,Atlanta Dream,Brittany Brewer,NULL,Texas Tech,1,5,0.1,0.065,6.6,0.8,1.0,0.0
90,18,2020,Phoenix Mercury,Te'a Cooper,NULL,Baylor,2,51,0.3,0.012,20.1,8.2,1.5,1.6
91,19,2020,Seattle Storm,Joyner Holmes,NULL,Texas,3,50,-0.5,-0.044,8.5,2.4,1.8,0.6
92,20,2020,Los Angeles Sparks,Beatrice Mompremier,NULL,Miami (FL),3,74,1.2,0.074,8.6,2.0,2.8,0.2
93,21,2020,Dallas Wings,Luisa Geiselsoder,Germany,NULL,0,NULL,NULL,NULL,NULL,NULL,NULL,NULL
94,22,2020,Los Angeles Sparks,Leonie Fiebich,Germany,NULL,0,NULL,NULL,NULL,NULL,NULL,NULL,NULL
95,23,2020,Connecticut Sun,Kaila Charles,NULL,Maryland,3,52,2.1,0.097,16.7,4.7,2.7,1.0
96,24,2020,Washington Mystics,Jaylyn Agnew,NULL,Creighton,1,12,-0.2,-0.093,5.9,1.3,0.4,0.3
97,25,2020,Atlanta Dream,Mikayla Pivec,NULL,Oregon State,0,NULL,NULL,NULL,NULL,NULL,NULL,NULL
98,26,2020,New York Liberty,Erica Ogwumike,NULL,Rice University,0,NULL,NULL,NULL,NULL,NULL,NULL,NULL
99,27,2020,Atlanta Dream,Kobi Thornton,NULL,Clemson,0,NULL,NULL,NULL,NULL,NULL,NULL,NULL
100,28,2020,Indiana Fever,Kamiah Smalls,NULL,James Madison University,2,10,0.2,0.059,13.4,3.1,1.3,2.0
101,29,2020,Phoenix Mercury,Stella Johnson,NULL,Rider University,2,15,0.5,0.154,8.7,3.9,1.0,0.9
102,30,2020,Chicago Sky,Japreece Dean,NULL,UCLA,0,NULL,NULL,NULL,NULL,NULL,NULL,NULL
103,31,2020,Seattle Storm,Haley Gorecki,NULL,Duke,1,3,-0.1,-0.375,2.0,0.0,0.7,0.0
104,32,2020,Chicago Sky,Kiah Gillespie,NULL,Florida State,0,NULL,NULL,NULL,NULL,NULL,NULL,NULL
105,33,2020,Las Vegas Aces,Lauren Manis,NULL,Holy Cross,0,NULL,NULL,NULL,NULL,NULL,NULL,NULL
106,34,2020,Los Angeles Sparks,Tynice Martin,NULL,West Virginia,0,NULL,NULL,NULL,NULL,NULL,NULL,NULL
107,35,2020,Connecticut Sun,Juicy Landrum,NULL,Baylor,0,NULL,NULL,NULL,NULL,NULL,NULL,NULL
108,36,2020,Washington Mystics,Sug Sutton,NULL,Texas,1,12,0.0,-0.012,9.4,2.8,0.7,1.0
109,1,2019,Las Vegas Aces,Jackie Young,NULL,Notre Dame,4,122,12.4,0.142,28.5,11.5,4.0,3.7
110,2,2019,New York Liberty,AD Durr,NULL,Louisville,2,43,0.9,0.043,19.7,8.1,1.4,1.4
111,3,2019,Indiana Fever,Teaira McCowan,NULL,Mississippi State,4,121,10.9,0.163,22.2,10.8,8.3,0.7
112,4,2019,Chicago Sky,Katie Lou Samuelson,NULL,UConn,4,101,2.8,0.053,20.8,6.5,2.6,1.4
113,5,2019,Dallas Wings,Arike Ogunbowale,NULL,Notre Dame,4,117,10.4,0.111,32.1,19.8,2.9,3.4
114,6,2019,Minnesota Lynx,Napheesa Collier,NULL,UConn,4,89,12.7,0.170,33.4,14.6,7.0,2.9
115,7,2019,Los Angeles Sparks,Kalani Brown,NULL,Baylor,3,39,1.2,0.109,11.4,4.5,2.8,0.4
116,8,2019,Phoenix Mercury,Alanna Smith,NULL,Stanford,4,64,0.0,0.001,10.4,3.0,2.4,0.7
117,9,2019,Connecticut Sun,Kristine Anigwe,NULL,California,4,64,0.7,0.044,10.1,3.0,2.5,0.3
118,10,2019,Washington Mystics,Kiara Leslie,NULL,NC State,2,28,0.1,0.007,17.9,4.6,2.8,0.8
119,11,2019,Atlanta Dream,Brianna Turner,NULL,Notre Dame,4,118,9.7,0.120,27.4,5.7,7.3,1.6
120,12,2019,Seattle Storm,Ezi Magbegor,Melbourne Boomers (Australia),NULL,3,85,6.9,0.177,18.4,7.8,4.2,0.9
121,13,2019,Phoenix Mercury,Sophie Cunningham,NULL,Missouri,4,111,4.6,0.086,19.2,6.5,2.3,1.1
122,14,2019,New York Liberty,Han Xu,Xinjiang Magic Deer (China),NULL,2,50,2.0,0.116,13.6,6.5,2.6,0.6
123,15,2019,Chicago Sky,Chloe Jackson,NULL,Baylor,1,8,-0.2,-0.245,4.0,0.6,0.8,0.5
124,16,2019,Minnesota Lynx,Jessica Shepard,NULL,Notre Dame,3,64,3.2,0.100,20.1,5.7,5.8,2.6
125,17,2019,Dallas Wings,Megan Gustafson,NULL,Iowa,4,79,1.5,0.084,9.0,3.2,2.3,0.3
126,18,2019,Minnesota Lynx,Natisha Hiedeman,NULL,Marquette,4,110,7.6,0.141,19.6,7.1,1.8,2.3
127,19,2019,Los Angeles Sparks,Marina Mabrey,NULL,Notre Dame,4,116,4.0,0.064,21.4,10.4,3.0,2.5
128,20,2019,Minnesota Lynx,Cierra Dillard,NULL,Buffalo,0,NULL,NULL,NULL,NULL,NULL,NULL,NULL
129,21,2019,Connecticut Sun,Bridget Carleton,NULL,Iowa State,4,98,3.7,0.080,18.7,4.7,2.4,1.4
130,22,2019,Dallas Wings,Kennedy Burke,NULL,UCLA,4,92,1.7,0.057,13.3,4.9,1.5,0.7
131,23,2019,Atlanta Dream,Maite Cazorla,NULL,Oregon,1,31,-0.2,-0.014,15.4,3.0,0.7,1.6
132,24,2019,Seattle Storm,Anriel Howard,NULL,Mississippi State,1,3,0.0,-0.028,6.7,1.7,1.0,0.0
133,25,2019,Indiana Fever,Paris Kea,NULL,UNC,2,22,-0.3,-0.047,10.2,4.8,1.2,1.0
134,26,2019,New York Liberty,Megan Huff,NULL,Utah,1,7,-0.1,-0.323,2.3,0.0,0.6,0.1
135,27,2019,Chicago Sky,Maria Conde,Wisla Can-Pack Kraków (Poland),NULL,0,NULL,NULL,NULL,NULL,NULL,NULL,NULL
136,28,2019,Indiana Fever,Caliya Robinson,NULL,Georgia,0,NULL,NULL,NULL,NULL,NULL,NULL,NULL
137,29,2019,Dallas Wings,Morgan Bertsch,NULL,UC-Davis,0,NULL,NULL,NULL,NULL,NULL,NULL,NULL
138,30,2019,Minnesota Lynx,Kenisha Bell,NULL,Minnesota,1,3,0.0,-0.162,3.7,0.0,0.3,0.3
139,31,2019,Los Angeles Sparks,Ángela Salvadores,Ensino (Spain),NULL,0,NULL,NULL,NULL,NULL,NULL,NULL,NULL
140,32,2019,Phoenix Mercury,Arica Carter,NULL,Louisville,1,6,-0.1,-0.229,4.0,0.3,0.0,0.2
141,33,2019,Connecticut Sun,Regan Magarity,NULL,Virginia Tech,0,NULL,NULL,NULL,NULL,NULL,NULL,NULL
142,34,2019,Washington Mystics,Sam Fuehring,NULL,Louisville,0,NULL,NULL,NULL,NULL,NULL,NULL,NULL
143,35,2019,Atlanta Dream,Li Yueru,Guangdong Vermilion Birds (China),NULL,1,16,0.0,0.008,5.1,1.8,1.5,0.1
144,36,2019,Seattle Storm,Macy Miller,NULL,South Dakota State,0,NULL,NULL,NULL,NULL,NULL,NULL,NULL
145,1,2018,Las Vegas Aces,A'ja Wilson,NULL,South Carolina,5,149,23.8,0.209,30.5,19.1,8.4,2.3
146,2,2018,Indiana Fever,Kelsey Mitchell,NULL,Ohio State,5,153,5.4,0.048,29.1,15.9,2.0,3.0
147,3,2018,Chicago Sky,Diamond DeShields,Çukurova (Turkey),Tennessee,5,143,4.5,0.047,26.8,13.2,4.2,2.2
148,4,2018,Chicago Sky,Gabby Williams,NULL,UConn,4,125,4.3,0.062,22.2,7.0,3.9,2.2
149,5,2018,Seattle Storm,Jordin Canada,NULL,UCLA,5,144,4.9,0.059,22.9,7.7,2.1,4.4
150,6,2018,Dallas Wings,Azura Stevens,NULL,UConn,5,121,7.5,0.117,21.1,9.0,4.4,1.0
151,7,2018,Washington Mystics,Ariel Atkins,NULL,Texas,5,150,13.4,0.129,27.6,13.4,2.8,2.3
152,8,2018,Indiana Fever,Victoria Vivians,NULL,Mississippi State,4,106,-1.0,-0.015,24.6,8.3,3.2,1.6
153,9,2018,Connecticut Sun,Lexie Brown,NULL,Duke,5,123,2.9,0.056,17.2,5.4,1.5,1.5
154,10,2018,New York Liberty,Kia Nurse,NULL,UConn,4,121,3.4,0.043,26.3,11.0,2.8,2.0
155,11,2018,Los Angeles Sparks,Maria Vadeeva,Dynamo Kursk (Russia),NULL,2,40,1.6,0.167,9.6,5.2,2.8,0.5
156,12,2018,Phoenix Mercury,Marie Gulich,NULL,Oregon State,3,66,0.0,0.002,8.8,2.5,1.9,0.4
157,13,2018,Las Vegas Aces,Jaime Nared,NULL,Tennessee,2,32,-0.1,-0.014,8.9,2.5,1.4,0.4
158,14,2018,Indiana Fever,Stephanie Mavunga,NULL,Ohio State,3,59,1.0,0.078,8.4,2.5,2.5,0.2
159,15,2018,Atlanta Dream,Monique Billings,NULL,UCLA,5,137,5.6,0.085,19.3,6.2,6.0,0.8
160,16,2018,Atlanta Dream,Kristy Wallace,NULL,Baylor,1,29,0.8,0.056,20.8,6.6,2.3,2.2
161,17,2018,Minnesota Lynx,JiSu Park,Cheongju KB Stars (South Korea),NULL,3,82,0.1,0.003,9.8,1.9,2.2,0.7
162,18,2018,Dallas Wings,Loryn Goodwin,NULL,Oklahoma State,0,NULL,NULL,NULL,NULL,NULL,NULL,NULL
163,19,2018,Washington Mystics,Myisha Hines-Allen,NULL,Louisville,5,125,6.2,0.110,17.9,8.5,5.0,1.6
164,20,2018,Phoenix Mercury,Tyler Scaife,NULL,Rutgers University,0,NULL,NULL,NULL,NULL,NULL,NULL,NULL
165,21,2018,Phoenix Mercury,Raisa Musina,UMMC Ekaterinburg (Russia),NULL,0,NULL,NULL,NULL,NULL,NULL,NULL,NULL
166,22,2018,New York Liberty,Mercedes Russell,NULL,Tennessee,5,115,6.6,0.126,18.3,5.2,4.4,0.9
167,23,2018,Los Angeles Sparks,Shakayla Thomas,NULL,Florida State,0,NULL,NULL,NULL,NULL,NULL,NULL,NULL
168,24,2018,Minnesota Lynx,Kahlia Lawrence,NULL,Mercer University,0,NULL,NULL,NULL,NULL,NULL,NULL,NULL
169,25,2018,Las Vegas Aces,Raigyne Louis,NULL,LSU,1,2,-0.1,-0.165,10.5,3.0,2.0,0.5
170,26,2018,Phoenix Mercury,Imani Wright,NULL,Florida State,1,1,0.0,-1.127,1.0,0.0,0.0,0.0
171,27,2018,Atlanta Dream,Mackenzie Engram,NULL,Georgia,0,NULL,NULL,NULL,NULL,NULL,NULL,NULL
172,28,2018,Chicago Sky,Amarah Coleman,NULL,DePaul,0,NULL,NULL,NULL,NULL,NULL,NULL,NULL
173,29,2018,Seattle Storm,Teana Muldrow,NULL,West Virginia,1,4,0.0,-0.095,2.3,0.0,0.3,0.0
174,30,2018,Dallas Wings,Natalie Butler,NULL,George Mason,0,NULL,NULL,NULL,NULL,NULL,NULL,NULL
175,31,2018,Washington Mystics,Rebecca Greenwell,NULL,Duke,0,NULL,NULL,NULL,NULL,NULL,NULL,NULL
176,32,2018,Las Vegas Aces,Jill Barta,NULL,Gonzaga,0,NULL,NULL,NULL,NULL,NULL,NULL,NULL
177,33,2018,Connecticut Sun,Mikayla Cowling,NULL,California,0,NULL,NULL,NULL,NULL,NULL,NULL,NULL
178,34,2018,New York Liberty,Leslie Robinson,NULL,Princeton,0,NULL,NULL,NULL,NULL,NULL,NULL,NULL
179,35,2018,Los Angeles Sparks,Julia Reisingerová,Femeni Sant Adrià (Spain),NULL,0,NULL,NULL,NULL,NULL,NULL,NULL,NULL
180,36,2018,Minnesota Lynx,Carlie Wagner,NULL,Minnesota,0,NULL,NULL,NULL,NULL,NULL,NULL,NULL
181,1,2017,San Antonio Stars,Kelsey Plum,NULL,Washington,5,158,11.1,0.106,26.7,12.4,2.5,3.9
182,2,2017,Chicago Sky,Alaina Coates,NULL,South Carolina,4,83,2.3,0.114,9.7,3.0,2.8,0.3
183,3,2017,Dallas Wings,Evelyn Akhator,NULL,Kentucky,1,15,-0.2,-0.107,4.1,0.9,0.6,0.0
184,4,2017,Dallas Wings,Allisha Gray,NULL,South Carolina,6,180,15.6,0.121,28.7,11.7,4.2,2.0
185,5,2017,San Antonio Stars,Nia Coffey,NULL,Northwestern,6,146,0.5,0.008,16.1,5.1,3.0,0.6
186,6,2017,Washington Mystics,Shatori Walker-Kimbrough,NULL,Maryland,6,153,6.0,0.094,16.6,6.0,1.4,1.1
187,7,2017,Atlanta Dream,Brittney Sykes,NULL,Syracuse,6,182,7.8,0.066,25.9,11.1,3.9,2.5
188,8,2017,Connecticut Sun,Brionna Jones,NULL,Maryland,6,166,16.9,0.221,18.4,8.7,4.1,0.8
189,9,2017,Chicago Sky,Tori Jankoska,NULL,Michigan State,0,NULL,NULL,NULL,NULL,NULL,NULL,NULL
190,10,2017,Dallas Wings,Kaela Davis,NULL,South Carolina,5,102,-2.7,-0.065,16.2,5.5,1.8,1.4
191,11,2017,Los Angeles Sparks,Sydney Wiese,NULL,Oregon State,5,117,1.7,0.036,15.9,4.0,1.2,1.1
192,12,2017,Minnesota Lynx,Alexis Jones,NULL,Baylor,4,81,0.2,0.010,9.1,3.3,0.8,1.0
193,13,2017,Connecticut Sun,Shayla Cooper,NULL,Ohio State,0,NULL,NULL,NULL,NULL,NULL,NULL,NULL
194,14,2017,New York Liberty,Lindsay Allen,NULL,Notre Dame,5,114,2.9,0.068,15.1,3.8,1.4,2.7
195,15,2017,Seattle Storm,Alexis Peterson,NULL,Syracuse,1,17,-0.3,-0.112,7.1,2.1,1.2,0.8
196,16,2017,Connecticut Sun,Leticia Romero,NULL,Florida State,1,21,0.0,-0.007,7.0,1.1,0.8,1.1
197,17,2017,Indiana Fever,Erica McCall,NULL,Stanford,5,122,0.9,0.026,11.3,2.9,2.8,0.3
198,18,2017,Washington Mystics,Jennie Simms,NULL,Old Dominion,2,37,0.1,0.008,11.0,2.8,1.8,0.8
199,19,2017,Atlanta Dream,Jordan Reynolds,NULL,Tennessee,0,NULL,NULL,NULL,NULL,NULL,NULL,NULL
200,20,2017,Indiana Fever,Feyonda Fitzgerald,NULL,Temple,1,2,0.0,-0.191,4.0,0.0,2.0,0.5
201,21,2017,Chicago Sky,Chantel Osahor,NULL,Washington,0,NULL,NULL,NULL,NULL,NULL,NULL,NULL
202,22,2017,Indiana Fever,Ronni Williams,NULL,Florida,0,NULL,NULL,NULL,NULL,NULL,NULL,NULL
203,23,2017,Dallas Wings,Breanna Lewis,NULL,Kansas State,2,19,-0.4,-0.229,4.1,0.7,0.8,0.1
204,24,2017,Minnesota Lynx,Lisa Berkani,USO Mondeville (France),NULL,0,NULL,NULL,NULL,NULL,NULL,NULL,NULL
205,25,2017,San Antonio Stars,Schaquilla Nunn,NULL,Tennessee,0,NULL,NULL,NULL,NULL,NULL,NULL,NULL
206,26,2017,Dallas Wings,Saniya Chong,NULL,UConn,2,38,0.2,0.017,10.7,2.5,0.9,1.0
207,27,2017,Washington Mystics,Mehryn Kraker,NULL,Green Bay,0,NULL,NULL,NULL,NULL,NULL,NULL,NULL
208,28,2017,Connecticut Sun,Jessica January,NULL,DePaul,0,NULL,NULL,NULL,NULL,NULL,NULL,NULL
209,29,2017,Phoenix Mercury,Alexis Prince,NULL,Baylor,3,22,0.2,0.063,6.9,2.3,1.0,0.3
210,30,2017,Seattle Storm,Lanay Montgomery,NULL,West Virginia,1,7,0.0,-0.045,4.0,0.9,0.7,0.0
211,31,2017,Atlanta Dream,Oderah Chidom,NULL,Duke,0,NULL,NULL,NULL,NULL,NULL,NULL,NULL
212,32,2017,Indiana Fever,Adrienne Motley,NULL,Miami (FL),0,NULL,NULL,NULL,NULL,NULL,NULL,NULL
213,33,2017,Chicago Sky,Makayla Epps,NULL,Kentucky,1,17,-0.3,-0.207,3.8,0.6,0.2,0.4
214,34,2017,New York Liberty,Kai James,NULL,Florida State,0,NULL,NULL,NULL,NULL,NULL,NULL,NULL
215,35,2017,Los Angeles Sparks,Saicha Grant-Allen,NULL,Dayton,0,NULL,NULL,NULL,NULL,NULL,NULL,NULL
216,36,2017,Minnesota Lynx,Tahlia Tupaea,Sydney Uni Flames (Australia),NULL,0,NULL,NULL,NULL,NULL,NULL,NULL,NULL
217,1,2016,Seattle Storm,Breanna Stewart,NULL,UConn,6,183,35.2,0.237,32.4,20.3,8.6,2.9
218,2,2016,San Antonio Stars,Moriah Jefferson,NULL,UConn,6,140,5.7,0.070,23.3,9.1,2.1,3.6
219,3,2016,Connecticut Sun,Morgan Tuck,NULL,UConn,5,125,2.5,0.059,13.6,5.1,2.2,0.8
220,4,2016,Connecticut Sun,Rachel Banham,NULL,Minnesota,7,190,4.7,0.074,13.3,5.2,1.1,1.5
221,5,2016,Dallas Wings,Aerial Powers,NULL,Michigan State,7,153,7.7,0.096,21.1,11.4,3.5,1.7
222,6,2016,Los Angeles Sparks,Jonquel Jones,NULL,George Washington,6,196,31.3,0.258,24.8,13.6,8.3,1.6
223,7,2016,Washington Mystics,Kahleah Copper,NULL,Rutgers University,7,216,7.4,0.065,21.1,10.0,3.4,1.2
224,8,2016,Phoenix Mercury,Courtney Williams,NULL,South Florida,7,209,11.5,0.081,27.3,12.5,5.3,3.0
225,9,2016,Indiana Fever,Tiffany Mitchell,NULL,South Carolina,7,209,3.5,0.029,23.3,9.6,2.5,1.8
226,10,2016,Chicago Sky,Imani McGee-Stafford,NULL,Texas,4,121,3.7,0.089,13.8,4.4,4.2,0.6
227,11,2016,Atlanta Dream,Bria Holmes,NULL,West Virginia,5,136,2.5,0.039,18.8,6.5,2.3,1.2
228,12,2016,New York Liberty,Adut Bulgak,NULL,Florida State,2,12,0.2,0.092,7.0,3.0,2.4,0.0
229,13,2016,Atlanta Dream,Rachel Hollivay,NULL,Rutgers University,2,39,0.2,0.022,8.2,1.2,1.9,0.1
230,14,2016,Minnesota Lynx,Jazmon Gwathmey,NULL,James Madison University,3,60,-1.2,-0.052,15.8,4.5,1.8,0.8
231,15,2016,Los Angeles Sparks,Whitney Knight,NULL,Florida Gulf Coast,1,10,-0.2,-0.198,3.8,0.6,0.5,0.2
232,16,2016,Atlanta Dream,Courtney Walker,NULL,Texas A&M,0,NULL,NULL,NULL,NULL,NULL,NULL,NULL
233,17,2016,Connecticut Sun,Jamie Weisner,NULL,Oregon State,1,7,0.0,0.029,3.6,1.7,0.4,0.3
234,18,2016,Dallas Wings,Ruth Hamblin,NULL,Oregon State,1,20,-0.2,-0.049,6.5,1.1,1.5,0.2
235,19,2016,Washington Mystics,Lia Galdeira,NULL,Washington State,0,NULL,NULL,NULL,NULL,NULL,NULL,NULL
236,20,2016,Phoenix Mercury,Jillian Alleyne,NULL,Oregon,2,7,0.0,0.025,3.1,0.6,1.3,0.1
237,21,2016,Indiana Fever,Brene Moseley,NULL,Maryland,1,8,-0.6,-0.323,9.6,1.9,0.4,1.1
238,22,2016,Minnesota Lynx,Bashaara Graves,NULL,Tennessee,2,22,0.0,0.003,6.0,1.4,1.2,0.3
239,23,2016,Los Angeles Sparks,Brianna Butler,NULL,Syracuse,0,NULL,NULL,NULL,NULL,NULL,NULL,NULL
240,24,2016,New York Liberty,Ameryst Alston,NULL,Ohio State,2,3,0.0,0.035,1.0,0.7,0.7,0.3
241,25,2016,San Antonio Stars,Brittney Martin,NULL,Oklahoma State,0,NULL,NULL,NULL,NULL,NULL,NULL,NULL
242,26,2016,Seattle Storm,Lexi Eaton Rydalch,NULL,BYU,0,NULL,NULL,NULL,NULL,NULL,NULL,NULL
243,27,2016,Connecticut Sun,Aliyyah Handford,NULL,St. John's,0,NULL,NULL,NULL,NULL,NULL,NULL,NULL
244,28,2016,Atlanta Dream,Niya Johnson,NULL,Baylor,0,NULL,NULL,NULL,NULL,NULL,NULL,NULL
245,29,2016,Los Angeles Sparks,Talia Walton,NULL,Washington,0,NULL,NULL,NULL,NULL,NULL,NULL,NULL
246,30,2016,Dallas Wings,Shakena Richardson,NULL,Seton Hall,0,NULL,NULL,NULL,NULL,NULL,NULL,NULL
247,31,2016,Washington Mystics,Danaejah Grant,NULL,St. John's,0,NULL,NULL,NULL,NULL,NULL,NULL,NULL
248,32,2016,Phoenix Mercury,Nirra Fields,NULL,UCLA,1,4,-0.2,-0.466,4.3,0.8,0.0,0.0
249,33,2016,Indiana Fever,Julie Allemand,Castors Braine (Belgium),NULL,2,47,1.8,0.064,23.8,5.6,3.0,4.5
250,34,2016,Chicago Sky,Jordan Jones,NULL,Texas A&M,0,NULL,NULL,NULL,NULL,NULL,NULL,NULL
251,35,2016,Minnesota Lynx,Temi Fagbenle,NULL,USC,3,69,1.1,0.067,9.3,3.1,1.9,0.5
252,36,2016,New York Liberty,Shacobia Barbee,NULL,Georgia,0,NULL,NULL,NULL,NULL,NULL,NULL,NULL
253,1,2015,Seattle Storm,Jewell Loyd,NULL,Notre Dame,8,252,21.3,0.116,29.3,15.3,3.4,3.1
254,2,2015,Tulsa Shock,Amanda Zahui B.,NULL,Minnesota,7,197,4.1,0.053,15.7,6.2,4.0,0.7
255,3,2015,Seattle Storm,Kaleena Mosqueda-Lewis,NULL,UConn,6,157,0.4,0.008,12.5,5.1,1.1,0.6
256,4,2015,Connecticut Sun,Elizabeth Williams,NULL,Duke,8,238,18.4,0.120,25.8,8.4,5.8,1.1
257,5,2015,Chicago Sky,Cheyenne Parker,NULL,Middle Tennessee,8,215,11.5,0.117,18.3,8.0,4.8,0.9
258,6,2015,San Antonio Stars,Dearica Hamby,NULL,Wake Forest,8,242,14.6,0.108,22.3,9.2,5.6,1.4
259,7,2015,Los Angeles Sparks,Crystal Bradford,NULL,Central Michigan University,2,39,0.9,0.060,14.9,6.5,2.8,1.1
260,8,2015,Washington Mystics,Ally Malott,NULL,Dayton,2,47,0.2,0.024,8.4,2.7,1.0,0.4
261,9,2015,New York Liberty,Brittany Boyd,NULL,California,6,130,3.3,0.056,18.4,6.2,3.2,3.9
262,10,2015,Atlanta Dream,Samantha Logic,NULL,Iowa,1,27,-0.9,-0.106,12.7,1.8,1.4,1.1
263,11,2015,New York Liberty,Kiah Stokes,NULL,UConn,7,202,12.7,0.123,20.4,4.3,5.8,0.8
264,12,2015,Phoenix Mercury,Isabelle Harrison,NULL,Tennessee,6,167,8.0,0.092,20.7,8.6,4.9,1.1
265,13,2015,Tulsa Shock,Brianna Kiesel,NULL,Pitt,3,57,-0.4,-0.019,13.9,3.5,0.7,1.6
266,14,2015,Los Angeles Sparks,Cierra Burdick,NULL,Tennessee,5,56,0.8,0.073,7.4,1.8,1.4,0.5
267,15,2015,Washington Mystics,Natasha Cloud,NULL,Saint Joseph's,7,211,10.9,0.078,26.5,7.3,3.0,4.9
268,16,2015,Minnesota Lynx,Reshanda Gray,NULL,California,6,141,1.5,0.038,11.2,3.8,3.1,0.3
269,17,2015,Chicago Sky,Betnijah Laney,NULL,Rutgers University,7,166,3.6,0.039,22.1,8.3,3.2,2.3
270,18,2015,Phoenix Mercury,Alex Harden,NULL,Wichita State,2,60,-0.1,-0.005,10.0,1.8,1.1,0.7
271,19,2015,Connecticut Sun,Brittany Hrynko,NULL,DePaul,1,7,-0.2,-0.365,2.6,0.3,0.0,0.1
272,20,2015,Seattle Storm,Vicky McIntyre,NULL,Oral Roberts,0,NULL,NULL,NULL,NULL,NULL,NULL,NULL
273,21,2015,Indiana Fever,Chelsea Gardner,NULL,Kansas,0,NULL,NULL,NULL,NULL,NULL,NULL,NULL
274,22,2015,Chicago Sky,Aleighsa Welch,NULL,South Carolina,0,NULL,NULL,NULL,NULL,NULL,NULL,NULL
275,23,2015,New York Liberty,Amber Orrange,NULL,Stanford,0,NULL,NULL,NULL,NULL,NULL,NULL,NULL
276,24,2015,Phoenix Mercury,Zofia Hruscakova,Good Angels Košice (Slovakia),NULL,0,NULL,NULL,NULL,NULL,NULL,NULL,NULL
277,25,2015,Tulsa Shock,Mimi Mungedi,NULL,Nevada,0,NULL,NULL,NULL,NULL,NULL,NULL,NULL
278,26,2015,Seattle Storm,Nneka Enemkpali,NULL,Texas,0,NULL,NULL,NULL,NULL,NULL,NULL,NULL
279,27,2015,New York Liberty,Laurin Mincy,NULL,Maryland,0,NULL,NULL,NULL,NULL,NULL,NULL,NULL
280,28,2015,New York Liberty,Michala Johnson,NULL,Wisconsin,0,NULL,NULL,NULL,NULL,NULL,NULL,NULL
281,29,2015,Atlanta Dream,Ariel Massengale,NULL,Tennessee,0,NULL,NULL,NULL,NULL,NULL,NULL,NULL
282,30,2015,San Antonio Stars,Dragana Stankovic,UNIQA Euroleasing Sopron (Hungary),NULL,0,NULL,NULL,NULL,NULL,NULL,NULL,NULL
283,31,2015,Los Angeles Sparks,Andrea Hoover,NULL,Dayton,1,12,-0.1,-0.033,14.3,3.8,1.3,0.3
284,32,2015,Washington Mystics,Marica Gajic,ŽKK Celje (Slovenia),NULL,0,NULL,NULL,NULL,NULL,NULL,NULL,NULL
285,33,2015,San Antonio Stars,Nikki Moody,NULL,Iowa State,0,NULL,NULL,NULL,NULL,NULL,NULL,NULL
286,34,2015,Atlanta Dream,Lauren Okafor,NULL,James Madison University,0,NULL,NULL,NULL,NULL,NULL,NULL,NULL
287,35,2015,Minnesota Lynx,Shae Kelley,NULL,Minnesota,1,8,-0.1,-0.127,2.4,0.1,0.4,0.1
288,36,2015,Phoenix Mercury,Promise Amukamara,NULL,Arizona State,0,NULL,NULL,NULL,NULL,NULL,NULL,NULL
289,1,2014,Connecticut Sun,Chiney Ogwumike,NULL,Stanford,6,160,18.4,0.192,23.9,11.8,6.7,0.9
290,2,2014,Tulsa Shock,Odyssey Sims,NULL,Baylor,9,240,11.0,0.065,28.4,12.1,2.6,3.8
291,3,2014,San Antonio Stars,Kayla McBride,NULL,Notre Dame,9,258,20.6,0.108,29.7,14.4,3.4,2.3
292,4,2014,New York Liberty,Alyssa Thomas,NULL,Maryland,9,240,23.9,0.136,29.2,11.9,6.9,3.5
293,5,2014,Indiana Fever,Natasha Howard,NULL,Florida State,9,270,18.6,0.132,20.8,10.2,5.1,1.2
294,6,2014,Washington Mystics,Stefanie Dolson,NULL,UConn,9,271,17.0,0.107,23.5,9.2,4.8,1.8
295,7,2014,Seattle Storm,Bria Hartley,NULL,UConn,9,207,4.4,0.042,20.3,7.9,2.2,2.6
296,8,2014,Atlanta Dream,Shoni Schimmel,NULL,Louisville,4,85,1.6,0.045,17.0,6.6,1.9,2.8
297,9,2014,Indiana Fever,Natalie Achonwa,NULL,Notre Dame,8,211,12.3,0.131,17.9,7.1,4.2,1.1
298,10,2014,Chicago Sky,Markeisha Gatling,NULL,NC State,3,81,2.1,0.096,11.0,3.8,2.6,0.2
299,11,2014,Connecticut Sun,Chelsea Gray,NULL,Duke,8,258,22.6,0.128,27.4,11.9,3.0,4.7
300,12,2014,Minnesota Lynx,NULL,NULL,Duke,2,NULL,NULL,NULL,NULL,NULL,NULL,NULL
301,13,2014,Tulsa Shock,Jordan Hooper,NULL,Nebraska,4,128,1.5,0.034,14.2,4.5,1.8,0.3
302,14,2014,New York Liberty,Tyaunna Marshall,NULL,Georgia Tech,0,NULL,NULL,NULL,NULL,NULL,NULL,NULL
303,15,2014,Minnesota Lynx,Asya Bussie,NULL,West Virginia,0,NULL,NULL,NULL,NULL,NULL,NULL,NULL
304,16,2014,San Antonio Stars,Astou Ndour,Gran Canarias (Spain),NULL,6,114,3.7,0.092,14.0,5.4,3.3,0.4
305,17,2014,Phoenix Mercury,Tiffany Bias,NULL,Oklahoma State,4,54,-0.7,-0.087,6.1,1.8,0.3,0.6
306,18,2014,Atlanta Dream,Inga Orekhova,NULL,South Florida,2,6,-0.2,-0.395,4.0,0.0,0.3,0.0
307,19,2014,Seattle Storm,Michelle Plouffe,NULL,Utah,0,NULL,NULL,NULL,NULL,NULL,NULL,NULL
308,20,2014,Atlanta Dream,Cassie Harberts,NULL,USC,0,NULL,NULL,NULL,NULL,NULL,NULL,NULL
309,21,2014,Phoenix Mercury,Maggie Lucas,NULL,Penn State,4,72,1.6,0.073,12.1,4.4,0.9,0.7
310,22,2014,Chicago Sky,Gennifer Brandon,NULL,California,1,16,-0.1,-0.038,7.6,1.8,2.6,0.2
311,23,2014,Los Angeles Sparks,Jennifer Hamson,NULL,BYU,2,37,0.7,0.109,6.7,1.8,1.7,0.2
312,24,2014,Minnesota Lynx,Christina Foggie,NULL,Vanderbilt,0,NULL,NULL,NULL,NULL,NULL,NULL,NULL
313,25,2014,Connecticut Sun,DeNesha Stallworth,NULL,Kentucky,0,NULL,NULL,NULL,NULL,NULL,NULL,NULL
314,26,2014,New York Liberty,Meighan Simmons,NULL,Tennessee,2,36,-0.4,-0.084,5.3,2.7,0.4,0.3
315,27,2014,Tulsa Shock,Theresa Plaisance,NULL,LSU,9,218,3.4,0.047,13.2,4.5,3.0,0.7
316,28,2014,San Antonio Stars,Bri Kulas,NULL,Missouri,0,NULL,NULL,NULL,NULL,NULL,NULL,NULL
317,29,2014,Indiana Fever,Haiden Palmer,NULL,Gonzaga,0,NULL,NULL,NULL,NULL,NULL,NULL,NULL
318,30,2014,Washington Mystics,Carley Mijovic,Canberra Capitals (Australia),NULL,0,NULL,NULL,NULL,NULL,NULL,NULL,NULL
319,31,2014,Seattle Storm,Mikaela Ruef,NULL,Stanford,0,NULL,NULL,NULL,NULL,NULL,NULL,NULL
320,32,2014,Washington Mystics,Kody Burke,NULL,NC State,0,NULL,NULL,NULL,NULL,NULL,NULL,NULL
321,33,2014,Phoenix Mercury,Stephanie Talbot,Adelaide Lightning (Australia),NULL,5,162,5.4,0.080,16.7,4.8,2.6,1.4
322,34,2014,Chicago Sky,Jamierra Faulkner,NULL,Southern Miss,5,131,0.1,0.003,16.0,6.2,1.4,3.1
323,35,2014,Los Angeles Sparks,Antonita Slaughter,NULL,Louisville,0,NULL,NULL,NULL,NULL,NULL,NULL,NULL
324,36,2014,Minnesota Lynx,Asia Taylor,NULL,Louisville,5,76,0.5,0.036,7.4,2.2,1.6,0.5
325,1,2013,Phoenix Mercury,Brittney Griner,NULL,Baylor,9,254,41.9,0.213,30.9,17.7,7.6,1.8
326,2,2013,Chicago Sky,Elena Delle Donne,NULL,University of Delaware,9,218,47.4,0.285,30.5,19.8,6.8,1.8
327,3,2013,Tulsa Shock,Skylar Diggins-Smith,NULL,Notre Dame,9,252,24.8,0.123,32.1,16.7,2.9,5.0
328,4,2013,Washington Mystics,Tayler Hill,NULL,Ohio State,7,145,6.0,0.084,19.7,8.9,1.7,1.7
329,5,2013,New York Liberty,Kelsey Bone,NULL,Texas A&M,5,168,4.4,0.053,19.6,8.1,4.6,1.2
330,6,2013,Seattle Storm,Tianna Hawkins,NULL,Maryland,9,257,8.5,0.095,13.9,5.8,3.1,0.6
331,7,2013,New York Liberty,Toni Young,NULL,Oklahoma State,2,39,0.4,0.040,9.8,3.5,1.6,0.4
332,8,2013,San Antonio Silver Stars,Kayla Alexander,NULL,Syracuse,8,203,4.0,0.066,11.8,4.0,2.8,0.3
333,9,2013,Indiana Fever,Layshia Clarendon,NULL,California,9,239,6.6,0.050,22.1,7.6,2.7,3.2
334,10,2013,Los Angeles Sparks,A'dia Mathies,NULL,Kentucky,1,30,0.1,0.018,9.2,2.3,0.7,0.8
335,11,2013,Connecticut Sun,Kelly Faris,NULL,UConn,4,112,1.0,0.031,11.7,2.1,1.6,0.7
336,12,2013,Minnesota Lynx,Lindsey Moore,NULL,Nebraska,2,35,0.0,-0.009,6.6,1.0,0.6,1.1
337,13,2013,Atlanta Dream,Alex Bentley,NULL,Penn State,7,222,8.5,0.062,24.6,10.6,1.7,2.9
338,14,2013,Minnesota Lynx,Sugar Rodgers,NULL,Georgetown,8,247,9.7,0.086,18.2,7.0,2.5,1.6
339,15,2013,New York Liberty,Kamiko Williams,NULL,Tennessee,1,34,-0.4,-0.032,13.3,2.6,2.1,0.9
340,16,2013,San Antonio Silver Stars,Davellyn Whyte,NULL,Arizona,2,31,-0.3,-0.027,14.3,4.2,1.8,1.7
341,17,2013,Washington Mystics,Nadirah McKenith,NULL,St. John's,2,38,0.6,0.081,8.1,2.5,1.1,0.9
342,18,2013,Seattle Storm,Chelsea Poppens,NULL,Iowa State,1,8,0.0,0.026,7.9,1.1,2.1,0.1
343,19,2013,Washington Mystics,Emma Meesseman,Villeneuve-d'Ascq (France),NULL,8,238,29.2,0.188,26.1,11.5,5.3,2.6
344,20,2013,San Antonio Silver Stars,Diandra Tchatchouang,Perpignan (France),NULL,0,NULL,NULL,NULL,NULL,NULL,NULL,NULL
345,21,2013,Indiana Fever,Jasmine Hassell,NULL,Georgia,2,24,-0.2,-0.052,7.6,1.7,0.8,0.4
346,22,2013,Los Angeles Sparks,Brittany Chambers,NULL,Kansas State,0,NULL,NULL,NULL,NULL,NULL,NULL,NULL
347,23,2013,Connecticut Sun,Anna Prins,NULL,Iowa State,0,NULL,NULL,NULL,NULL,NULL,NULL,NULL
348,24,2013,Minnesota Lynx,Chucky Jeffery,NULL,Colorado,2,17,0.1,0.049,4.6,1.0,0.9,0.2
349,25,2013,New York Liberty,Shenneika Smith,NULL,St. John's,0,NULL,NULL,NULL,NULL,NULL,NULL,NULL
350,26,2013,Phoenix Mercury,Nikki Greene,NULL,Penn State,2,23,0.0,-0.012,6.0,0.8,1.5,0.1
351,27,2013,New York Liberty,Olcay Cakir,Fenerbahçe (Turkey),NULL,0,NULL,NULL,NULL,NULL,NULL,NULL,NULL
352,28,2013,Chicago Sky,Brooklyn Pope,NULL,Baylor,0,NULL,NULL,NULL,NULL,NULL,NULL,NULL
353,29,2013,Tulsa Shock,Angel Goodrich,NULL,Kansas,3,82,0.0,0.000,14.9,2.9,1.3,2.2
354,30,2013,Seattle Storm,Jasmine James,NULL,Georgia,1,16,-0.1,-0.030,11.9,3.1,1.4,1.8
355,31,2013,Atlanta Dream,Anne Marie Armstrong,NULL,Georgia,1,9,0.1,0.128,2.8,0.7,0.4,0.0
356,32,2013,San Antonio Silver Stars,Whitney Hand,NULL,Oklahoma,0,NULL,NULL,NULL,NULL,NULL,NULL,NULL
357,33,2013,Indiana Fever,Jennifer George,NULL,Florida,0,NULL,NULL,NULL,NULL,NULL,NULL,NULL
358,34,2013,Los Angeles Sparks,Alina Iagupova,Elizabeth-Basket Kivorograd (Ukraine),NULL,0,NULL,NULL,NULL,NULL,NULL,NULL,NULL
359,35,2013,Connecticut Sun,Andrea Smith,NULL,South Florida,0,NULL,NULL,NULL,NULL,NULL,NULL,NULL
360,36,2013,Minnesota Lynx,Waltiea Rolle,NULL,UNC,1,6,0.3,0.176,11.0,2.7,3.2,0.3
361,1,2012,Los Angeles Sparks,Nneka Ogwumike,NULL,Stanford,11,320,57.2,0.243,29.4,16.2,7.4,1.9
362,2,2012,Seattle Storm,Shekinna Stricklen,NULL,Tennessee,10,311,14.6,0.095,19.8,7.2,2.3,0.8
363,3,2012,Minnesota Lynx,Devereaux Peters,NULL,Notre Dame,6,160,7.0,0.111,15.7,4.3,3.6,1.1
364,4,2012,Tulsa Shock,Glory Johnson,NULL,Tennessee,8,222,15.8,0.105,27.2,11.4,7.4,1.3
365,5,2012,San Antonio Silver Stars,Shenise Johnson,NULL,Miami (FL),8,205,9.7,0.091,20.8,8.2,3.6,1.8
366,6,2012,Phoenix Mercury,Samantha Prahalis,NULL,Ohio State,3,41,-0.8,-0.031,24.8,8.4,2.5,3.5
367,7,2012,New York Liberty,Kelley Cain,NULL,Tennessee,2,28,0.0,-0.004,6.5,1.2,1.5,0.1
368,8,2012,Washington Mystics,Natalie Novosel,NULL,Notre Dame,1,31,0.1,0.011,9.9,3.2,1.3,0.7
369,9,2012,Connecticut Sun,Astan Dabo,Mali,NULL,0,NULL,NULL,NULL,NULL,NULL,NULL,NULL
370,10,2012,Washington Mystics,LaSondra Barrett,NULL,LSU,0,NULL,NULL,NULL,NULL,NULL,NULL,NULL
371,11,2012,Indiana Fever,Sasha Goodlett,NULL,Georgia Tech,4,101,1.4,0.055,10.2,2.7,1.9,0.2
372,12,2012,Minnesota Lynx,Damiris Dantas,Brazil,NULL,8,202,10.9,0.102,21.2,7.7,4.3,1.6
373,13,2012,Los Angeles Sparks,Farhiya Abdi,Frisco SIKA (Czech Republic),NULL,3,52,-0.1,-0.010,9.6,2.9,1.0,0.4
374,14,2012,Atlanta Dream,Tiffany Hayes,NULL,UConn,10,277,28.4,0.147,27.9,13.8,3.3,2.4
375,15,2012,Los Angeles Sparks,Khadijah Rushdan,NULL,Rutgers University,0,NULL,NULL,NULL,NULL,NULL,NULL,NULL
376,16,2012,Los Angeles Sparks,Tyra White,NULL,Texas A&M,0,NULL,NULL,NULL,NULL,NULL,NULL,NULL
377,17,2012,Tulsa Shock,Riquna Williams,NULL,Miami (FL),10,253,17.3,0.127,21.6,10.5,2.2,1.5
378,18,2012,Minnesota Lynx,Julie Wojta,NULL,Green Bay,2,4,0.0,0.006,7.3,1.5,2.0,0.3
379,19,2012,Minnesota Lynx,Kayla Standish,NULL,Gonzaga,0,NULL,NULL,NULL,NULL,NULL,NULL,NULL
380,20,2012,Minnesota Lynx,Nika Baric,Spartak Moscow (Russia),NULL,0,NULL,NULL,NULL,NULL,NULL,NULL,NULL
381,21,2012,Connecticut Sun,Chay Shegog,NULL,UNC,1,3,0.0,-0.025,3.0,1.0,0.7,0.0
382,22,2012,Seattle Storm,Keisha Hampton,NULL,DePaul,2,46,0.9,0.108,7.2,3.0,0.5,0.3
383,23,2012,Chicago Sky,Shey Peddy,NULL,Temple,4,98,5.3,0.113,19.0,6.1,2.5,2.4
384,24,2012,Phoenix Mercury,C'eira Ricketts,NULL,Arkansas,0,NULL,NULL,NULL,NULL,NULL,NULL,NULL
385,25,2012,Tulsa Shock,Vicki Baugh,NULL,Tennessee,3,78,2.3,0.096,12.1,4.0,3.5,0.4
386,26,2012,Washington Mystics,Anjale Barrett,NULL,Maryland,0,NULL,NULL,NULL,NULL,NULL,NULL,NULL
387,27,2012,Chicago Sky,Sydney Carter,NULL,Texas A&M,4,65,-1.4,-0.065,13.1,2.9,1.0,1.3
388,28,2012,Los Angeles Sparks,April Sykes,NULL,Rutgers University,1,30,0.5,0.081,8.6,3.1,1.1,0.6
389,29,2012,Tulsa Shock,Lynetta Kizer,NULL,Maryland,7,180,5.0,0.086,12.9,5.8,2.8,0.3
390,30,2012,Phoenix Mercury,Christine Flores,NULL,Missouri,0,NULL,NULL,NULL,NULL,NULL,NULL,NULL
391,31,2012,Minnesota Lynx,Jacki Gemelos,NULL,USC,2,35,-0.2,-0.028,8.8,1.9,0.8,0.6
392,32,2012,Atlanta Dream,Isabelle Yacoubou,Valencia (Spain),NULL,0,NULL,NULL,NULL,NULL,NULL,NULL,NULL
393,33,2012,Phoenix Mercury,Amanda Johnson,NULL,Oregon,0,NULL,NULL,NULL,NULL,NULL,NULL,NULL
394,34,2012,Indiana Fever,Courtney Hurt,NULL,VCU,0,NULL,NULL,NULL,NULL,NULL,NULL,NULL
395,35,2012,Washington Mystics,Briana Gilbreath-Butler,NULL,USC,4,54,0.6,0.024,20.0,4.2,2.9,1.1
396,36,2012,New York Liberty,Katelan Redmon,NULL,Gonzaga,1,7,-0.1,-0.134,6.0,1.0,1.1,0.3
397,1,2011,Minnesota Lynx,Maya Moore,NULL,UConn,8,271,53.5,0.253,31.2,18.4,5.9,3.3
398,2,2011,Tulsa Shock,Liz Cambage,Bulleen Boomers (Australia),NULL,6,167,20.1,0.197,24.5,15.8,7.5,1.6
399,3,2011,Chicago Sky,Courtney Vandersloot,NULL,Gonzaga,12,359,29.7,0.117,28.3,10.2,3.2,6.6
400,4,2011,Minnesota Lynx,Amber Harris,NULL,Xavier,5,112,1.9,0.079,8.4,2.7,1.8,0.5
401,5,2011,Los Angeles Sparks,Jantel Lavender,NULL,Ohio State,11,342,15.8,0.092,20.1,8.1,4.6,1.0
402,6,2011,San Antonio Silver Stars,Danielle Robinson,NULL,Oklahoma,11,327,17.8,0.082,26.5,9.1,2.8,4.2
403,7,2011,Tulsa Shock,Kayla Pedersen,NULL,Stanford,6,184,2.4,0.033,15.9,3.4,3.0,1.1
404,8,2011,Atlanta Dream,Ta'Shia Phillips,NULL,Xavier,1,15,0.2,0.104,4.8,1.5,1.3,0.1
405,9,2011,Indiana Fever,Jeanette Pohlen-Mavunga,NULL,Stanford,6,148,3.9,0.078,13.4,3.4,1.2,0.8
406,10,2011,New York Liberty,Alex Montgomery,NULL,Georgia Tech,8,216,2.5,0.028,16.3,4.2,3.4,1.2
407,11,2011,Washington Mystics,Victoria Dunlap,NULL,Kentucky,2,31,0.3,0.046,8.0,2.3,1.7,0.4
408,12,2011,Seattle Storm,Jasmine Thomas,NULL,Duke,12,358,11.7,0.050,26.0,9.6,2.8,3.7
409,13,2011,Minnesota Lynx,Jessica Breland,NULL,UNC,9,269,10.8,0.076,21.2,7.1,5.9,1.4
410,14,2011,Minnesota Lynx,Felicia Chester,NULL,DePaul,1,4,0.0,0.068,6.8,0.5,2.0,0.0
411,15,2011,Chicago Sky,Carolyn Swords,NULL,Boston College,9,250,9.6,0.123,12.5,3.7,3.3,0.5
412,16,2011,Connecticut Sun,Sydney Colson,NULL,Texas A&M,8,182,1.7,0.032,11.8,3.1,0.9,1.9
413,17,2011,Chicago Sky,Angie Bjorklund,NULL,Tennessee,1,7,-0.1,-0.067,6.1,1.1,0.3,0.3
414,18,2011,Atlanta Dream,Rachel Jarry,Bulleen Boomers (Australia),NULL,1,27,0.3,0.070,6.8,1.7,0.7,0.4
415,19,2011,Phoenix Mercury,Brittany Spears,NULL,Colorado,0,NULL,NULL,NULL,NULL,NULL,NULL,NULL
416,20,2011,San Antonio Silver Stars,Danielle Adams,NULL,Texas A&M,6,174,10.4,0.125,19.1,10.5,3.9,0.8
417,21,2011,Tulsa Shock,Italee Lucas,NULL,UNC,0,NULL,NULL,NULL,NULL,NULL,NULL,NULL
418,22,2011,New York Liberty,Angel Robinson,NULL,Marquette,0,NULL,NULL,NULL,NULL,NULL,NULL,NULL
419,23,2011,Washington Mystics,Karima Christmas-Kelly,NULL,Duke,10,243,15.1,0.108,22.9,7.9,3.7,1.3
420,24,2011,Seattle Storm,Ify Ibekwe,NULL,Arizona,2,9,-0.2,-0.251,3.4,0.7,0.9,0.0
421,25,2011,Tulsa Shock,Chastity Reed,NULL,Little Rock,1,11,-0.5,-0.125,13.2,3.5,1.9,0.7
422,26,2011,Minnesota Lynx,Kachine Alexander,NULL,Iowa,0,NULL,NULL,NULL,NULL,NULL,NULL,NULL
423,27,2011,Chicago Sky,Amy Jaeschke,NULL,Northwestern,0,NULL,NULL,NULL,NULL,NULL,NULL,NULL
424,28,2011,Connecticut Sun,Adrienne Johnson,NULL,Louisiana Tech,0,NULL,NULL,NULL,NULL,NULL,NULL,NULL
425,29,2011,Los Angeles Sparks,Elina Babkina,Lotos VBW Clima Gdynia (Poland),NULL,0,NULL,NULL,NULL,NULL,NULL,NULL,NULL
426,30,2011,San Antonio Silver Stars,Porsha Phillips,NULL,Georgia,1,31,0.3,0.052,8.3,1.8,1.9,0.3
427,31,2011,Phoenix Mercury,Tahnee Robinson,NULL,Nevada,0,NULL,NULL,NULL,NULL,NULL,NULL,NULL
428,32,2011,Atlanta Dream,Kelsey Bolte,NULL,Iowa State,0,NULL,NULL,NULL,NULL,NULL,NULL,NULL
429,33,2011,Indiana Fever,Jori Davis,NULL,Indiana,0,NULL,NULL,NULL,NULL,NULL,NULL,NULL
430,34,2011,New York Liberty,Mekia Valentine,NULL,UC Santa Barbara,0,NULL,NULL,NULL,NULL,NULL,NULL,NULL
431,35,2011,Washington Mystics,Sarah Krnjic,Pécs 2010 (Hungary),NULL,0,NULL,NULL,NULL,NULL,NULL,NULL,NULL
432,36,2011,Seattle Storm,Krystal Thomas,NULL,Duke,7,176,3.6,0.051,16.2,3.6,4.9,0.5
433,1,2010,Connecticut Sun,Tina Charles,NULL,UConn,12,391,42.2,0.134,32.2,18.2,9.3,2.2
434,2,2010,Minnesota Lynx,Monica Wright,NULL,Virginia,7,177,5.3,0.064,18.5,7.3,2.2,1.6
435,3,2010,Minnesota Lynx,Kelsey Griffin,NULL,Nebraska,5,164,7.3,0.099,18.0,4.9,4.2,0.8
436,4,2010,Chicago Sky,Epiphanny Prince,NULL,Rutgers University,13,305,29.8,0.168,23.2,11.0,2.3,2.6
437,5,2010,San Antonio Silver Stars,Jayne Appel-Marinelli,NULL,Stanford,7,219,10.2,0.092,20.3,4.0,6.1,1.5
438,6,2010,Washington Mystics,Jacinta Monroe,NULL,Florida State,2,21,0.2,0.045,6.6,1.7,1.0,0.2
439,7,2010,Connecticut Sun,Danielle McCray,NULL,Kansas,3,80,1.3,0.047,13.9,4.6,2.0,1.1
440,8,2010,Los Angeles Sparks,Andrea Riley,NULL,Oklahoma State,3,73,-1.9,-0.078,13.0,4.4,0.9,1.4
441,9,2010,Atlanta Dream,Chanel Mokango,NULL,Mississippi State,1,21,-0.2,-0.126,3.4,0.4,0.6,0.0
442,10,2010,Seattle Storm,Alison Lacey,NULL,Iowa State,1,21,-0.3,-0.073,6.9,0.8,0.8,0.5
443,11,2010,Indiana Fever,Jene Morris,NULL,San Diego State,2,34,0.3,0.037,8.2,2.6,0.7,0.4
444,12,2010,Los Angeles Sparks,Bianca Thomas,NULL,Ole Miss,0,NULL,NULL,NULL,NULL,NULL,NULL,NULL
445,13,2010,New York Liberty,Kalana Greene,NULL,UConn,6,167,5.6,0.072,18.6,4.3,2.5,1.2
446,14,2010,Washington Mystics,Jenna Smith,NULL,Illinois,0,NULL,NULL,NULL,NULL,NULL,NULL,NULL
447,15,2010,Connecticut Sun,Allison Hightower,NULL,LSU,6,125,3.8,0.063,19.3,6.1,1.8,1.6
448,16,2010,New York Liberty,Ashley Houts,NULL,Georgia,1,20,0.2,0.078,5.5,0.9,0.7,0.5
449,17,2010,San Antonio Silver Stars,Alysha Clark,NULL,Middle Tennessee,10,302,20.6,0.117,23.2,7.0,3.5,1.5
450,18,2010,Washington Mystics,Shanavia Dowdell,NULL,Louisiana Tech,0,NULL,NULL,NULL,NULL,NULL,NULL,NULL
451,19,2010,Tulsa Shock,Amanda Thompson,NULL,Oklahoma,2,28,0.2,0.029,8.0,1.7,2.0,0.5
452,20,2010,Los Angeles Sparks,Angel Robinson,NULL,Georgia,3,64,1.0,0.060,10.2,2.6,2.6,0.4
453,21,2010,Atlanta Dream,Brigitte Ardossi,NULL,Georgia Tech,0,NULL,NULL,NULL,NULL,NULL,NULL,NULL
454,22,2010,Seattle Storm,Tanisha Smith,NULL,Texas A&M,0,NULL,NULL,NULL,NULL,NULL,NULL,NULL
455,23,2010,Indiana Fever,Armelie Lumanu,NULL,Mississippi State,0,NULL,NULL,NULL,NULL,NULL,NULL,NULL
456,24,2010,Phoenix Mercury,Tyra Grant,NULL,Penn State,0,NULL,NULL,NULL,NULL,NULL,NULL,NULL
457,25,2010,New York Liberty,Cory Montgomery,NULL,Nebraska,0,NULL,NULL,NULL,NULL,NULL,NULL,NULL
458,26,2010,Minnesota Lynx,Gabriela Marginean,NULL,Drexel,1,4,0.0,-0.095,3.0,0.5,1.0,0.3
459,27,2010,Connecticut Sun,Johannah Leedham,NULL,Franklin Pierce University,0,NULL,NULL,NULL,NULL,NULL,NULL,NULL
460,28,2010,Chicago Sky,Abi Olajuwon,NULL,Oklahoma,2,22,-0.4,-0.123,5.9,1.0,0.7,0.1
461,29,2010,San Antonio Silver Stars,Alexis Rack,NULL,Mississippi State,0,NULL,NULL,NULL,NULL,NULL,NULL,NULL
462,30,2010,Washington Mystics,Alexis Gray-Lawson,NULL,California,2,46,-0.2,-0.011,13.6,4.1,1.3,1.3
463,31,2010,Tulsa Shock,Vivian Frieson,NULL,Gonzaga,0,NULL,NULL,NULL,NULL,NULL,NULL,NULL
464,32,2010,Los Angeles Sparks,Rashidat Junaid,NULL,Rutgers University,0,NULL,NULL,NULL,NULL,NULL,NULL,NULL
465,33,2010,Atlanta Dream,Brittainey Raven,NULL,Texas,1,23,0.0,-0.008,5.4,1.5,0.9,0.4
466,34,2010,Seattle Storm,Tijana Krivacevic,Hungary,NULL,0,NULL,NULL,NULL,NULL,NULL,NULL,NULL
467,35,2010,Indiana Fever,Joy Cheek,NULL,Duke,2,10,-0.1,-0.093,5.0,1.8,0.6,0.1
468,36,2010,Phoenix Mercury,Nyeshia Stevenson,NULL,Oklahoma,0,NULL,NULL,NULL,NULL,NULL,NULL,NULL
469,1,2009,Atlanta Dream,Angel McCoughtry,NULL,Louisville,13,311,37.6,0.173,28.0,18.6,5.0,2.9
470,2,2009,Washington Mystics,Marissa Coleman,NULL,Maryland,10,319,9.8,0.058,21.0,6.7,3.1,1.3
471,3,2009,Chicago Sky,Kristi Toliver,NULL,Maryland,13,369,30.9,0.122,27.4,12.0,2.2,3.5
472,4,2009,Minnesota Lynx,Renee Montgomery,NULL,UConn,11,364,19.8,0.092,23.6,9.7,1.7,3.1
473,5,2009,Phoenix Mercury,DeWanna Bonner,NULL,Auburn,13,422,51.7,0.162,30.3,14.7,6.2,2.3
474,6,2009,Indiana Fever,Briann January,NULL,Arizona State,14,393,17.5,0.069,25.8,7.8,1.7,3.4
475,7,2009,Sacramento Monarchs,Courtney Paris,NULL,Oklahoma,10,297,15.9,0.136,15.8,4.7,5.4,0.7
476,8,2009,New York Liberty,Kia Vaughn,NULL,Rutgers University,13,386,11.9,0.067,18.5,5.9,4.2,0.8
477,9,2009,Minnesota Lynx,Quanitra Hollingsworth,NULL,VCU,5,124,1.9,0.050,12.2,3.6,3.2,0.2
478,10,2009,Connecticut Sun,Chante Black,NULL,Duke,4,97,1.7,0.044,15.6,3.8,4.2,0.4
479,11,2009,Detroit Shock,Shavonte Zellous,NULL,Pitt,12,363,20.2,0.101,21.9,8.5,2.7,1.9
480,12,2009,Seattle Storm,Ashley Walker,NULL,California,4,25,-0.4,-0.085,7.0,1.5,1.7,0.4
481,13,2009,Los Angeles Sparks,Lindsay Wisdom-Hylton,NULL,Purdue,4,124,2.2,0.062,11.4,3.2,2.4,0.6
482,14,2009,San Antonio Silver Stars,Megan Frazee,NULL,Liberty,2,39,0.8,0.073,10.9,4.7,2.7,0.4
483,15,2009,Minnesota Lynx,Rashanda McCants,NULL,UNC,2,57,0.0,0.002,15.0,4.8,2.1,0.9
484,16,2009,Chicago Sky,Danielle Gant,NULL,Texas A&M,0,NULL,NULL,NULL,NULL,NULL,NULL,NULL
485,17,2009,Connecticut Sun,Lyndra Littles,NULL,Virginia,0,NULL,NULL,NULL,NULL,NULL,NULL,NULL
486,18,2009,Detroit Shock,Britany Miller,NULL,Florida State,1,1,0.0,-0.041,8.0,0.0,0.0,0.0
487,19,2009,Indiana Fever,Christina Wirth,NULL,Vanderbilt,1,21,0.2,0.063,5.8,1.0,0.7,0.6
488,20,2009,Sacramento Monarchs,Whitney Boddie,NULL,Auburn,1,4,0.0,0.002,2.3,0.5,0.0,0.0
489,21,2009,New York Liberty,Abby Waner,NULL,Duke,0,NULL,NULL,NULL,NULL,NULL,NULL,NULL
490,22,2009,Los Angeles Sparks,Ashley Paris,NULL,Oklahoma,0,NULL,NULL,NULL,NULL,NULL,NULL,NULL
491,23,2009,Washington Mystics,Camille LeNoir,NULL,USC,0,NULL,NULL,NULL,NULL,NULL,NULL,NULL
492,24,2009,Washington Mystics,Jelena Milovanovic,MKB Euroleasing,NULL,1,16,0.1,0.021,11.3,4.4,1.5,0.6
493,25,2009,Atlanta Dream,Shalee Lehning,NULL,Kansas State,3,85,2.1,0.049,20.0,3.1,2.3,3.8
494,26,2009,San Antonio Silver Stars,Sonja Petrovic,Serbia,NULL,2,61,1.2,0.054,15.0,5.0,2.2,0.8
495,27,2009,Atlanta Dream,Jessica Morrow,NULL,Baylor,0,NULL,NULL,NULL,NULL,NULL,NULL,NULL
496,28,2009,Washington Mystics,Josephine Owino,NULL,Union University,0,NULL,NULL,NULL,NULL,NULL,NULL,NULL
497,29,2009,Chicago Sky,Jennifer Risper,NULL,Vanderbilt,0,NULL,NULL,NULL,NULL,NULL,NULL,NULL
498,30,2009,Minnesota Lynx,Emily Fox,NULL,Minnesota,0,NULL,NULL,NULL,NULL,NULL,NULL,NULL
499,31,2009,Phoenix Mercury,Sha Brooks,NULL,Florida,0,NULL,NULL,NULL,NULL,NULL,NULL,NULL
500,32,2009,Indiana Fever,Danielle Campbell,NULL,Purdue,0,NULL,NULL,NULL,NULL,NULL,NULL,NULL
501,33,2009,Sacramento Monarchs,Morgan Warburton,NULL,Utah,0,NULL,NULL,NULL,NULL,NULL,NULL,NULL
502,34,2009,Phoenix Mercury,Jessica Adair,NULL,George Washington,3,51,1.5,0.119,9.9,3.6,2.7,0.3
503,35,2009,Los Angeles Sparks,Britney Jordan,NULL,Texas A&M University-Commerce,0,NULL,NULL,NULL,NULL,NULL,NULL,NULL
504,36,2009,Connecticut Sun,Alba Torrens,Real Club Celta Indepo (Spain),NULL,0,NULL,NULL,NULL,NULL,NULL,NULL,NULL
505,37,2009,Detroit Shock,Tanae Davis-Cain,NULL,Florida State,1,1,-0.1,-0.531,4.0,2.0,2.0,0.0
506,38,2009,Seattle Storm,Mara Freshour,NULL,Florida State,0,NULL,NULL,NULL,NULL,NULL,NULL,NULL
507,39,2009,San Antonio Silver Stars,Candyce Bingham,NULL,Louisville,0,NULL,NULL,NULL,NULL,NULL,NULL,NULL
508,1,2008,Los Angeles Sparks,Candace Parker,NULL,Tennessee,15,392,62.2,0.207,30.7,16.4,8.6,4.0
509,2,2008,Chicago Sky,Sylvia Fowles,NULL,LSU,15,408,73.5,0.239,30.2,15.7,9.8,1.1
510,3,2008,Minnesota Lynx,Candice Wiggins,NULL,Stanford,8,221,12.0,0.098,22.3,8.6,2.4,1.9
511,4,2008,Detroit Shock,Alexis Hornbuckle,NULL,Tennessee,6,187,2.0,0.023,19.0,4.6,3.2,1.8
512,5,2008,Houston Comets,Matee Ajavon,NULL,Rutgers University,10,323,4.0,0.029,17.4,6.9,1.8,1.8
513,6,2008,Washington Mystics,Crystal Langhorne,NULL,Maryland,13,406,34.4,0.132,25.7,10.9,6.0,1.1
514,7,2008,New York Liberty,Essence Carson,NULL,Rutgers University,13,367,11.8,0.064,20.1,7.2,2.3,1.2
515,8,2008,Atlanta Dream,Tamera Young,NULL,James Madison University,12,372,6.7,0.033,22.0,7.1,3.9,1.5
516,9,2008,Connecticut Sun,Amber Holt,NULL,Middle Tennessee,5,140,4.2,0.058,20.8,6.9,2.9,1.8
517,10,2008,Sacramento Monarchs,Laura Harper,NULL,Maryland,2,67,1.9,0.076,15.2,5.0,3.7,0.5
518,11,2008,Detroit Shock,Tasha Humphrey,NULL,Georgia,2,58,2.3,0.103,15.8,7.2,3.2,0.7
519,12,2008,Connecticut Sun,Ketia Swanier,NULL,UConn,5,153,-1.3,-0.030,11.5,2.5,1.4,1.7
520,13,2008,Phoenix Mercury,LaToya Sanders,NULL,UNC,7,155,11.4,0.167,17.6,5.7,4.5,1.0
521,14,2008,New York Liberty,Erlana Larkins,NULL,UNC,9,247,20.2,0.158,20.7,5.9,5.4,1.5
522,15,2008,Los Angeles Sparks,Shannon Bobbitt,NULL,Tennessee,4,118,0.1,0.002,14.9,3.2,1.4,2.2
523,16,2008,Minnesota Lynx,Nicky Anosike,NULL,Tennessee,5,139,12.5,0.134,26.8,8.9,6.6,1.7
524,17,2008,Houston Comets,Erica White,NULL,LSU,2,36,0.4,0.034,12.3,3.4,1.4,1.4
525,18,2008,Detroit Shock,Olayinka Sanni,NULL,West Virginia,3,76,0.5,0.030,9.2,3.3,1.7,0.3
526,19,2008,Chicago Sky,Quianna Chaney,NULL,LSU,1,28,-0.2,-0.039,8.6,2.4,1.0,0.9
527,20,2008,Washington Mystics,Lindsey Pluimer,NULL,UCLA,0,NULL,NULL,NULL,NULL,NULL,NULL,NULL
528,21,2008,San Antonio Silver Stars,Chioma Nnamaka,NULL,Georgia Tech,1,12,-0.2,-0.110,7.0,1.3,1.0,0.2
529,22,2008,Seattle Storm,Allie Quigley,NULL,DePaul,14,347,18.9,0.097,22.4,10.9,2.0,2.0
530,23,2008,Connecticut Sun,Jolene Anderson,NULL,Wisconsin,1,24,0.1,0.006,15.3,4.0,2.4,1.1
531,24,2008,Atlanta Dream,Morenike Atunrase,NULL,Texas A&M,1,33,0.0,-0.004,10.5,2.2,1.5,0.7
532,25,2008,Phoenix Mercury,Leilani Mitchell,NULL,Utah,13,398,21.0,0.095,22.2,6.6,2.1,3.0
533,26,2008,Indiana Fever,Khadijah Whittington,NULL,NC State,2,25,0.4,0.072,8.4,2.2,1.6,0.3
534,27,2008,New York Liberty,Wanisha Smith,NULL,Duke,1,1,0.0,NULL,0.0,0.0,0.0,0.0
535,28,2008,Detroit Shock,Natasha Lacy,NULL,Texas-El Paso,5,79,0.4,0.015,13.6,4.4,2.1,1.8
536,29,2008,Los Angeles Sparks,Sharnee Zoll,NULL,Virginia,2,25,-0.3,-0.061,8.6,1.1,0.7,1.4
537,30,2008,Minnesota Lynx,Charde Houston,NULL,UConn,7,206,6.2,0.066,18.3,8.7,3.3,1.2
538,31,2008,Houston Comets,Crystal Kelly,NULL,Western Kentucky,3,93,3.6,0.123,12.5,4.8,2.1,0.4
539,32,2008,Atlanta Dream,Danielle Hood,NULL,University of Hartford,0,NULL,NULL,NULL,NULL,NULL,NULL,NULL
540,33,2008,Chicago Sky,Angela Tisdale,NULL,Baylor,0,NULL,NULL,NULL,NULL,NULL,NULL,NULL
541,34,2008,Washington Mystics,Krystal Vaughn,NULL,VCU,1,15,-0.4,-0.228,5.2,0.8,1.0,0.0
542,35,2008,New York Liberty,Alberta Auguste,NULL,Tennessee,0,NULL,NULL,NULL,NULL,NULL,NULL,NULL
543,36,2008,Seattle Storm,Kimberly Beck,NULL,George Washington,1,17,0.4,0.151,5.5,1.0,0.7,0.4
544,37,2008,Connecticut Sun,Lauren Ervin,NULL,Arkansas,1,8,0.0,0.029,7.0,2.0,1.6,0.0
545,38,2008,Sacramento Monarchs,A'Quonesia Franklin,NULL,Texas A&M,2,36,0.0,-0.004,10.3,1.5,1.3,1.7
546,39,2008,San Antonio Silver Stars,Alex Anderson,NULL,Chattanooga,0,NULL,NULL,NULL,NULL,NULL,NULL,NULL
547,40,2008,Sacramento Monarchs,Izabela Piekarska,NULL,Texas-El Paso,0,NULL,NULL,NULL,NULL,NULL,NULL,NULL
548,41,2008,Phoenix Mercury,Marscilla Packer,NULL,Ohio State,0,NULL,NULL,NULL,NULL,NULL,NULL,NULL
549,42,2008,Detroit Shock,Val Berezhynska,NULL,Rice University,1,2,-0.1,-0.363,3.0,0.0,0.0,0.0
550,43,2008,Sacramento Monarchs,Charel Allen,NULL,Notre Dame,1,6,0.0,-0.033,8.2,2.7,1.0,0.5
551,1,2007,Phoenix Mercury,Lindsey Harding,NULL,Duke,9,270,14.3,0.074,28.7,9.8,2.9,4.0
552,2,2007,San Antonio Silver Stars,Jessica Davenport,NULL,Ohio State,6,174,8.0,0.132,13.9,6.6,3.1,0.4
553,3,2007,Chicago Sky,Armintie Herrington,NULL,Ole Miss,9,290,14.4,0.092,21.5,5.9,3.3,2.0
554,4,2007,Minnesota Lynx,Noelle Quinn,NULL,UCLA,12,382,9.4,0.049,20.1,4.8,2.6,2.3
555,5,2007,New York Liberty,Tiffany Jackson-Jones,NULL,Texas,9,225,5.6,0.055,18.3,6.2,4.5,0.9
556,6,2007,Washington Mystics,Bernice Mosby,NULL,Baylor,3,76,0.9,0.060,8.3,2.3,2.2,0.2
557,7,2007,Seattle Storm,Katie Gearlds,NULL,Purdue,3,87,2.9,0.102,13.2,4.4,1.4,0.6
558,8,2007,Houston Comets,Ashley Shields,NULL,Southwest Tennessee Community College,2,36,-1.0,-0.114,10.0,4.5,1.0,0.6
559,9,2007,Indiana Fever,Alison Bales,NULL,Duke,4,116,6.8,0.142,16.4,4.1,3.9,0.7
560,10,2007,Chicago Sky,Carla Thomas,NULL,Vanderbilt,1,17,0.3,0.087,7.2,2.5,1.6,0.2
561,11,2007,Detroit Shock,Ivory Latta,NULL,UNC,11,323,17.5,0.090,24.2,10.7,1.7,2.7
562,12,2007,Connecticut Sun,Kamesha Hairston,NULL,Temple,1,17,0.0,-0.002,8.7,1.9,1.8,0.4
563,13,2007,Connecticut Sun,Sandrine Gruda,Valenciennes (France),NULL,6,133,4.5,0.075,18.0,7.6,3.8,0.9
564,14,2007,Houston Comets,Dee Davis,NULL,Vanderbilt,1,3,-0.2,-0.342,6.3,2.0,0.0,0.0
565,15,2007,Minnesota Lynx,Shay Murphy,NULL,USC,9,225,7.9,0.112,12.6,4.7,2.4,0.7
566,16,2007,New York Liberty,Shay Doron,NULL,Maryland,1,7,0.0,0.029,5.0,1.4,0.4,0.0
567,17,2007,San Antonio Silver Stars,Camille Little,NULL,UNC,13,431,21.7,0.081,24.8,8.2,4.2,1.4
568,18,2007,Phoenix Mercury,Tyresa Smith,NULL,University of Delaware,1,1,0.0,-0.002,7.0,1.0,2.0,0.0
569,19,2007,Washington Mystics,Megan Vogel,NULL,South Dakota State,0,NULL,NULL,NULL,NULL,NULL,NULL,NULL
570,20,2007,Chicago Sky,Stephanie Raymond,NULL,Northern Illinois,1,20,0.0,-0.006,9.0,3.1,0.7,1.4
571,21,2007,Sacramento Monarchs,Jessica Dickson,NULL,South Florida,0,NULL,NULL,NULL,NULL,NULL,NULL,NULL
572,22,2007,Indiana Fever,Lyndsey Medders,NULL,Iowa State,0,NULL,NULL,NULL,NULL,NULL,NULL,NULL
573,23,2007,Minnesota Lynx,Brooke Smith,NULL,Stanford,3,47,0.9,0.092,8.7,2.2,2.1,0.3
574,24,2007,Minnesota Lynx,Kathrin Ress,NULL,Boston College,1,28,-0.2,-0.028,12.4,3.0,2.5,0.6
575,25,2007,Los Angeles Sparks,Sidney Spencer,NULL,Tennessee,5,144,5.6,0.113,13.6,4.9,1.9,0.6
576,26,2007,Connecticut Sun,Cori Chambers,NULL,Georgia,1,1,-0.1,-2.948,1.0,0.0,0.0,0.0
577,27,2007,Chicago Sky,Jenna Rubino,NULL,DePaul,0,NULL,NULL,NULL,NULL,NULL,NULL,NULL
578,28,2007,Phoenix Mercury,Leah Rush,NULL,Oklahoma,1,2,-0.1,-0.244,6.0,1.5,0.0,0.0
579,29,2007,New York Liberty,Martina Weber,NULL,Iona College,1,2,-0.1,-0.595,2.0,0.0,0.5,0.0
580,30,2007,San Antonio Silver Stars,Nare Diawara,NULL,Virginia Tech,0,NULL,NULL,NULL,NULL,NULL,NULL,NULL
581,31,2007,Phoenix Mercury,Chrissy Givens,NULL,Middle Tennessee,1,3,-0.1,-0.206,3.3,0.7,0.0,0.7
582,32,2007,Washington Mystics,Gillian Goring,NULL,NC State,1,21,0.7,0.176,7.4,2.6,2.0,0.1
583,33,2007,Seattle Storm,Brandie Hoskins,NULL,Ohio State,0,NULL,NULL,NULL,NULL,NULL,NULL,NULL
584,34,2007,Houston Comets,Kristen Newlin,NULL,Stanford,0,NULL,NULL,NULL,NULL,NULL,NULL,NULL
585,35,2007,Indiana Fever,Ashley Key,NULL,NC State,0,NULL,NULL,NULL,NULL,NULL,NULL,NULL
586,36,2007,Sacramento Monarchs,Meg Bulger,NULL,West Virginia,0,NULL,NULL,NULL,NULL,NULL,NULL,NULL
587,37,2007,Phoenix Mercury,Emily Westerberg,NULL,Arizona State,0,NULL,NULL,NULL,NULL,NULL,NULL,NULL
588,38,2007,Los Angeles Sparks,Amanda Brown,NULL,Penn State,0,NULL,NULL,NULL,NULL,NULL,NULL,NULL
589,39,2007,Connecticut Sun,Kiera Hardy,NULL,Nebraska,0,NULL,NULL,NULL,NULL,NULL,NULL,NULL
590,1,2006,Minnesota Lynx,Seimone Augustus,NULL,LSU,15,391,41.9,0.149,28.8,15.4,3.1,2.3
591,2,2006,Phoenix Mercury,Cappie Pondexter,NULL,Rutgers University,13,416,37.6,0.118,30.7,16.4,3.7,3.8
592,3,2006,Charlotte Sting,Monique Currie,NULL,Duke,13,411,29.3,0.120,23.7,10.3,4.1,1.8
593,4,2006,San Antonio Silver Stars,Sophia Young-Malcolm,NULL,Baylor,9,301,34.7,0.150,30.8,14.3,6.0,1.8
594,5,2006,Los Angeles Sparks,Lisa Willis,NULL,UCLA,4,84,2.5,0.097,12.1,4.5,1.6,0.4
595,6,2006,Chicago Sky,Candice Dupree,NULL,Temple,16,494,44.2,0.117,30.7,14.0,6.4,1.8
596,7,2006,Minnesota Lynx,Shona Thorburn,NULL,Utah,2,24,-0.6,-0.154,6.3,0.8,0.8,0.8
597,8,2006,Washington Mystics,Tamara James,NULL,Miami (FL),2,52,1.6,0.114,10.7,4.3,1.3,0.7
598,9,2006,Indiana Fever,La'Tangela Atkinson,NULL,UNC,4,68,0.7,0.037,11.2,2.6,2.2,0.7
599,10,2006,Charlotte Sting,Tye'sha Fluker,NULL,Tennessee,3,78,-0.5,-0.027,8.9,2.4,1.6,0.3
600,11,2006,Seattle Storm,Barbara Turner,NULL,UConn,4,97,5.1,0.121,17.4,6.3,2.6,1.4
601,12,2006,New York Liberty,Sherill Baker,NULL,Georgia,4,75,0.7,0.023,16.5,6.9,2.0,1.7
602,13,2006,Sacramento Monarchs,Kim Smith,NULL,Utah,3,55,-0.1,-0.009,8.4,1.9,1.0,0.5
603,14,2006,Sacramento Monarchs,Scholanda Dorrell,NULL,LSU,7,222,1.5,0.015,17.7,6.6,1.5,0.8
604,15,2006,Houston Comets,Ann Strother,NULL,UConn,3,41,0.5,0.076,6.5,2.0,0.7,0.3
605,16,2006,San Antonio Silver Stars,Shanna Zolman,NULL,Tennessee,4,117,2.6,0.054,16.3,7.9,1.2,1.0
606,17,2006,Detroit Shock,Ambrosia Anderson,NULL,BYU,1,4,0.0,-0.110,2.5,0.0,1.0,0.0
607,18,2006,Phoenix Mercury,Liz Moeggenberg,NULL,Michigan State,2,50,-0.3,-0.022,9.6,1.9,1.5,0.5
608,19,2006,Washington Mystics,Nikki Blue,NULL,UCLA,5,111,0.3,0.010,11.8,2.7,1.3,1.6
609,20,2006,Chicago Sky,Jennifer Harris,NULL,Washburn University,0,NULL,NULL,NULL,NULL,NULL,NULL,NULL
610,21,2006,Phoenix Mercury,Mistie Bass,NULL,Duke,10,285,12.6,0.124,14.3,4.6,3.1,0.7
611,22,2006,Los Angeles Sparks,Willnett Crockett,NULL,UConn,1,5,0.1,0.098,8.2,1.8,2.2,0.0
612,23,2006,New York Liberty,Brooke Queenan,NULL,Boston College,2,12,-0.3,-0.265,3.8,0.3,0.3,0.2
613,24,2006,Houston Comets,Renae Camino,AIS (Australia),NULL,0,NULL,NULL,NULL,NULL,NULL,NULL,NULL
614,25,2006,Seattle Storm,Dalila Eshe,NULL,Florida,0,NULL,NULL,NULL,NULL,NULL,NULL,NULL
615,26,2006,Indiana Fever,Kasha Terry,NULL,Georgia Tech,3,41,-0.8,-0.077,9.9,3.1,2.4,0.3
616,27,2006,Charlotte Sting,LaToya Bond,NULL,Missouri,2,66,-0.4,-0.016,14.1,4.0,1.2,1.5
617,28,2006,Connecticut Sun,Debbie Merrill,NULL,Ohio State,0,NULL,NULL,NULL,NULL,NULL,NULL,NULL
618,29,2006,Houston Comets,Tiffany Stansbury,NULL,NC State,3,39,0.6,0.050,12.1,3.6,3.5,0.4
619,30,2006,San Antonio Silver Stars,Khara Smith,NULL,DePaul,0,NULL,NULL,NULL,NULL,NULL,NULL,NULL
620,31,2006,Minnesota Lynx,Megan Duffy,NULL,Notre Dame,3,42,0.0,-0.002,11.5,2.9,0.9,1.1
621,32,2006,Phoenix Mercury,Crystal Smith,NULL,Iowa,3,78,1.0,0.030,16.3,4.5,1.3,1.5
622,33,2006,Washington Mystics,Mariam Sy,NULL,Oklahoma City University,0,NULL,NULL,NULL,NULL,NULL,NULL,NULL
623,34,2006,Chicago Sky,Kerri Gardin,NULL,Virginia Tech,4,120,1.7,0.040,14.4,3.2,3.0,1.0
624,35,2006,Detroit Shock,Zane Tamane,NULL,Western Illinois University,2,18,0.2,0.062,6.5,1.6,1.7,0.1
625,36,2006,Los Angeles Sparks,Tiffany Porter-Talbert,NULL,Western Kentucky,0,NULL,NULL,NULL,NULL,NULL,NULL,NULL
626,37,2006,New York Liberty,Christelle N'Garsanet,NULL,Missouri,1,15,-0.3,-0.116,6.1,1.8,1.2,0.3
627,38,2006,Indiana Fever,Jessica Foley,NULL,Duke,0,NULL,NULL,NULL,NULL,NULL,NULL,NULL
628,39,2006,Seattle Storm,Erin Grant,NULL,Texas Tech,1,17,0.2,0.047,12.4,1.5,1.1,2.2
629,40,2006,Indiana Fever,Marina Kuzina,Nadezhda Orenburg (Russia),NULL,0,NULL,NULL,NULL,NULL,NULL,NULL,NULL
630,41,2006,Sacramento Monarchs,Lamisha Augustine,NULL,San Jose State,0,NULL,NULL,NULL,NULL,NULL,NULL,NULL
631,42,2006,Connecticut Sun,Marita Payne,NULL,Auburn,0,NULL,NULL,NULL,NULL,NULL,NULL,NULL
632,1,2005,Charlotte Sting,Janel McCarville,NULL,Minnesota,9,286,20.3,0.133,21.3,7.7,4.4,1.9
633,2,2005,Indiana Fever,Tan White,NULL,Mississippi State,10,320,10.9,0.061,22.1,8.1,2.4,1.8
634,3,2005,Phoenix Mercury,Sandora Irvin,NULL,TCU,6,111,1.0,0.049,7.1,1.7,2.0,0.3
635,4,2005,San Antonio Silver Stars,Kendra Wecker,NULL,Kansas State,4,58,-0.3,-0.017,12.2,3.7,1.8,1.0
636,5,2005,Houston Comets,Sancho Lyttle,NULL,Houston,15,392,35.7,0.152,23.9,8.9,6.6,1.5
637,6,2005,Washington Mystics,Temeka Johnson,NULL,LSU,11,327,10.9,0.055,24.3,8.0,2.7,4.2
638,7,2005,Detroit Shock,Kara Braxton,NULL,Georgia,10,297,8.6,0.071,16.4,7.6,4.7,0.9
639,8,2005,Connecticut Sun,Katie Mattera,NULL,Liberty,5,150,5.1,0.088,15.4,6.7,4.7,0.3
640,9,2005,Sacramento Monarchs,Kristin Haynie,NULL,Michigan State,5,160,1.7,0.030,14.1,3.5,1.6,1.8
641,10,2005,New York Liberty,Loree Moore,NULL,Tennessee,5,155,5.1,0.050,26.2,6.0,3.5,3.7
642,11,2005,Minnesota Lynx,Kristen Mann,NULL,UC Santa Barbara,6,130,3.0,0.052,17.9,5.0,2.4,1.3
643,12,2005,Seattle Storm,Tanisha Wright,NULL,Penn State,14,457,19.8,0.073,23.7,7.3,2.6,3.1
644,13,2005,Detroit Shock,Dionnah Jackson,NULL,Oklahoma,0,NULL,NULL,NULL,NULL,NULL,NULL,NULL
645,14,2005,San Antonio Silver Stars,Shyra Ely-Gash,NULL,Tennessee,6,173,0.5,0.010,12.6,4.0,2.2,0.5
646,15,2005,Houston Comets,Roneeka Hodges,NULL,Florida State,11,320,8.9,0.060,18.4,6.0,1.8,1.1
647,16,2005,Indiana Fever,Yolanda Paige,NULL,West Virginia,1,13,0.0,-0.020,6.0,1.2,0.7,1.0
648,17,2005,Minnesota Lynx,Jacqueline Batteast,NULL,Notre Dame,2,34,-0.2,-0.030,6.5,1.1,0.9,0.3
649,18,2005,Phoenix Mercury,Angelina Williams,NULL,Illinois,2,37,-0.1,-0.014,7.5,2.2,1.0,0.6
650,19,2005,Washington Mystics,Erica Taylor,NULL,Louisiana Tech,0,NULL,NULL,NULL,NULL,NULL,NULL,NULL
651,20,2005,Detroit Shock,Nikita Bell,NULL,UNC,0,NULL,NULL,NULL,NULL,NULL,NULL,NULL
652,21,2005,Connecticut Sun,Erin Phillips,Adelaide Lightning (Australia),NULL,9,229,13.1,0.115,20.0,6.3,2.2,2.0
653,22,2005,Sacramento Monarchs,Chelsea Newton,NULL,Rutgers University,5,144,5.1,0.073,19.4,5.1,1.8,1.6
654,23,2005,New York Liberty,Tabitha Pool,NULL,Michigan,0,NULL,NULL,NULL,NULL,NULL,NULL,NULL
655,24,2005,Charlotte Sting,Jessica Moore,NULL,UConn,9,222,3.1,0.042,13.2,2.9,2.0,0.4
656,25,2005,Seattle Storm,Ashley Battle,NULL,UConn,6,142,2.8,0.052,15.1,5.0,2.4,1.1
657,26,2005,Los Angeles Sparks,DeeDee Wheeler,NULL,Arizona,0,NULL,NULL,NULL,NULL,NULL,NULL,NULL
658,27,2005,San Antonio Silver Stars,Cathrine Kraayeveld,NULL,Oregon,9,275,10.5,0.069,22.2,7.0,3.7,1.1
659,28,2005,Houston Comets,NULL,NULL,DePaul,0,NULL,NULL,NULL,NULL,NULL,NULL,NULL
660,29,2005,Indiana Fever,Ashley Earley,NULL,Vanderbilt,0,NULL,NULL,NULL,NULL,NULL,NULL,NULL
661,30,2005,Sacramento Monarchs,Anne O'Neil,NULL,Iowa State,0,NULL,NULL,NULL,NULL,NULL,NULL,NULL
662,31,2005,Phoenix Mercury,Jamie Carey,NULL,Texas,4,105,2.8,0.088,12.3,3.1,0.9,1.1
663,32,2005,Washington Mystics,Tashia Morehead,NULL,Florida,0,NULL,NULL,NULL,NULL,NULL,NULL,NULL
664,33,2005,Detroit Shock,Jenni Lingor,NULL,NULL,0,NULL,NULL,NULL,NULL,NULL,NULL,NULL
665,34,2005,Connecticut Sun,Megan Mahoney,NULL,Kansas State,2,49,0.2,0.019,9.6,2.2,1.6,0.7
666,35,2005,Sacramento Monarchs,Cisti Greenwalt,NULL,Texas Tech,1,5,-0.1,-0.165,4.8,0.4,1.6,0.0
667,36,2005,New York Liberty,Rebecca Richman,NULL,Rutgers University,0,NULL,NULL,NULL,NULL,NULL,NULL,NULL
668,37,2005,Minnesota Lynx,Monique Bivins,NULL,Alabama,0,NULL,NULL,NULL,NULL,NULL,NULL,NULL
669,38,2005,Seattle Storm,Steffanie Blackmon,NULL,Baylor,0,NULL,NULL,NULL,NULL,NULL,NULL,NULL
670,39,2005,Los Angeles Sparks,Heather Schreiber,NULL,Texas,0,NULL,NULL,NULL,NULL,NULL,NULL,NULL
671,1,2004,Phoenix Mercury,Diana Taurasi,NULL,UConn,18,503,71.2,0.183,31.0,19.3,3.9,4.3
672,2,2004,Washington Mystics,Alana Beard,NULL,Duke,14,420,33.1,0.107,29.4,11.3,3.4,2.5
673,3,2004,Charlotte Sting,Nicole Powell,NULL,Stanford,11,360,30.3,0.134,25.1,9.5,4.1,1.6
674,4,2004,Connecticut Sun,Lindsay Whalen,NULL,Minnesota,15,480,59.8,0.176,28.3,11.5,3.8,4.9
675,5,2004,New York Liberty,Shameka Christon,NULL,Arkansas,11,317,16.2,0.087,23.5,9.6,2.7,1.2
676,6,2004,Minnesota Lynx,Nicole Ohlde,NULL,Kansas State,7,223,10.4,0.080,23.5,8.8,4.7,1.5
677,7,2004,Minnesota Lynx,Vanessa Hayden,NULL,Florida,5,148,2.2,0.045,13.1,5.6,3.6,0.5
678,8,2004,Phoenix Mercury,Chandi Jones,NULL,Houston,3,68,1.7,0.066,15.4,4.9,1.5,1.5
679,9,2004,Indiana Fever,Ebony Hoffman,NULL,USC,11,327,14.3,0.088,20.0,5.8,4.2,1.1
680,10,2004,Sacramento Monarchs,Rebekkah Brunson,NULL,Georgetown,15,453,48.6,0.170,25.2,9.2,7.4,1.1
681,11,2004,Detroit Shock,Iciss Tillis,NULL,Duke,3,67,-0.3,-0.018,8.6,2.6,1.5,0.4
682,12,2004,Los Angeles Sparks,Christi Thomas,NULL,Georgia,7,170,6.5,0.101,15.3,4.6,3.7,0.6
683,13,2004,Detroit Shock,Shereka Wright,NULL,Purdue,2,49,1.0,0.070,12.0,3.1,1.6,0.6
684,14,2004,Phoenix Mercury,Ashley Robinson,NULL,Tennessee,10,292,-0.1,-0.001,12.3,1.9,2.5,0.5
685,15,2004,Washington Mystics,Kaayla Chones,NULL,NC State,3,28,-0.3,-0.073,6.8,1.5,0.8,0.2
686,16,2004,Connecticut Sun,Jessica Brungo,NULL,Penn State,3,49,0.0,-0.003,7.5,1.1,0.9,0.6
687,17,2004,New York Liberty,Amisha Carter,NULL,Louisiana Tech,2,5,-0.1,-0.179,5.2,0.2,1.2,0.0
688,18,2004,Charlotte Sting,Kelly Mazzante,NULL,Penn State,7,200,3.9,0.054,14.4,4.7,1.6,0.9
689,19,2004,Seattle Storm,Trina Frierson,NULL,Louisiana Tech,1,5,0.0,-0.006,4.4,1.4,1.0,0.0
690,20,2004,Minnesota Lynx,Tasha Butts,NULL,Tennessee,1,30,0.6,0.054,14.1,2.5,2.1,0.8
691,21,2004,San Antonio Silver Stars,Cindy Dallas,NULL,Illinois,0,NULL,NULL,NULL,NULL,NULL,NULL,NULL
692,22,2004,Charlotte Sting,Jenni Benningfield,NULL,Vanderbilt,1,10,0.0,0.023,5.2,0.9,0.6,0.4
693,23,2004,Detroit Shock,Erika Valek,NULL,Purdue,0,NULL,NULL,NULL,NULL,NULL,NULL,NULL
694,24,2004,Connecticut Sun,Ugo Oha,NULL,George Washington,0,NULL,NULL,NULL,NULL,NULL,NULL,NULL
695,25,2004,Los Angeles Sparks,Doneeka Lewis,NULL,LSU,6,110,0.2,0.004,14.2,3.7,1.2,1.6
696,26,2004,Houston Comets,Lindsay Taylor,NULL,UC Santa Barbara,1,5,0.0,-0.011,5.2,0.6,0.6,0.4
697,27,2004,Phoenix Mercury,Maria Villarroel,NULL,Oklahoma,0,NULL,NULL,NULL,NULL,NULL,NULL,NULL
698,28,2004,Washington Mystics,Evan Unrau,NULL,Missouri,0,NULL,NULL,NULL,NULL,NULL,NULL,NULL
699,29,2004,Connecticut Sun,Candace Futrell,NULL,Duquesne,1,20,0.3,0.091,7.2,2.1,1.0,0.5
700,30,2004,New York Liberty,Cathy Joens,NULL,George Washington,2,45,1.3,0.099,12.1,4.3,1.5,1.0
701,31,2004,Indiana Fever,Ieva Kublina,NULL,Virginia Tech,0,NULL,NULL,NULL,NULL,NULL,NULL,NULL
702,32,2004,Detroit Shock,Jennifer Smith,NULL,Michigan,1,2,0.0,-0.221,3.5,0.0,0.0,0.0
703,33,2004,Minnesota Lynx,Amber Jacobs,NULL,Boston College,5,139,0.2,0.003,15.8,4.4,1.3,2.1
704,34,2004,San Antonio Silver Stars,Toccara Williams,NULL,Texas A&M,1,26,0.2,0.021,16.0,2.1,1.5,1.7
705,35,2004,Charlotte Sting,Jia Perkins,NULL,Texas Tech,14,417,28.3,0.111,24.4,10.6,2.9,2.0
706,36,2004,Sacramento Monarchs,Nuria Martinez,Spain,NULL,2,16,-0.4,-0.124,8.1,1.7,0.7,0.7
707,37,2004,Houston Comets,Stacy Stephens,NULL,Texas,1,7,0.0,-0.049,5.1,0.6,1.3,0.4
708,38,2004,Minnesota Lynx,Kate Bulger,NULL,West Virginia,0,NULL,NULL,NULL,NULL,NULL,NULL,NULL
709,1,2003,Cleveland Rockers,LaToya Thomas,NULL,Mississippi State,6,150,9.4,0.112,22.4,9.3,3.6,1.1
710,2,2003,Sacramento Monarchs,Chantelle Anderson,NULL,Vanderbilt,5,124,0.8,0.021,12.7,4.1,2.0,0.3
711,3,2003,Detroit Shock,Cheryl Ford,NULL,Louisiana Tech,7,196,23.6,0.169,28.4,10.8,9.7,1.0
712,4,2003,Phoenix Mercury,Plenette Pierson,NULL,Texas Tech,15,444,25.2,0.102,22.2,9.6,4.1,1.5
713,5,2003,Detroit Shock,Kara Lawson,NULL,Tennessee,13,377,35.2,0.152,24.5,9.8,2.6,2.5
714,6,2003,Indiana Fever,Gwen Jackson,NULL,Tennessee,3,77,2.3,0.061,19.8,5.7,4.0,0.5
715,7,2003,Washington Mystics,Aiysha Smith,NULL,LSU,2,60,0.1,0.006,13.8,3.7,2.2,0.4
716,8,2003,Seattle Storm,Jung Sun-Min,Gwangju Sinsegye Coolcats (South Korea),NULL,1,17,0.1,0.018,6.9,1.8,0.6,0.1
717,9,2003,Charlotte Sting,Jocelyn Penn,NULL,South Carolina,2,31,0.4,0.049,9.4,2.9,1.7,0.5
718,10,2003,New York Liberty,Molly Creamer,NULL,Bucknell,0,NULL,NULL,NULL,NULL,NULL,NULL,NULL
719,11,2003,San Antonio Silver Stars,Coretta Brown,NULL,UNC,4,77,0.3,0.011,15.5,4.5,1.3,1.3
720,12,2003,Houston Comets,Allison Curtin,NULL,Tulsa,0,NULL,NULL,NULL,NULL,NULL,NULL,NULL
721,13,2003,Connecticut Sun,Courtney Coleman,NULL,Ohio State,1,20,0.0,0.011,7.1,1.8,1.1,0.1
722,14,2003,Minnesota Lynx,Teresa Edwards,NULL,Georgia,2,68,1.0,0.026,22.8,5.5,2.9,3.3
723,15,2003,Cleveland Rockers,Jennifer Butler,NULL,UMass,0,NULL,NULL,NULL,NULL,NULL,NULL,NULL
724,16,2003,Phoenix Mercury,Petra Ujhelyi,NULL,South Carolina,1,14,-0.4,-0.206,4.9,0.3,0.9,0.2
725,17,2003,New York Liberty,Erin Thorn,NULL,BYU,11,283,7.0,0.066,15.1,4.8,1.3,1.5
726,18,2003,Minnesota Lynx,Jordan Adams,NULL,New Mexico,1,10,0.1,0.032,9.6,3.3,2.3,0.4
727,19,2003,Houston Comets,Lori Nero,NULL,Louisville,0,NULL,NULL,NULL,NULL,NULL,NULL,NULL
728,20,2003,Indiana Fever,DeTrina White,NULL,LSU,2,44,0.7,0.059,11.6,2.2,3.2,0.2
729,21,2003,Washington Mystics,Zuzana Zirkova,Slovakia,NULL,1,6,0.1,0.162,5.0,1.8,0.3,0.2
730,22,2003,Seattle Storm,Suzy Batkovic-Brown,Valenciennes (France),NULL,2,49,1.4,0.091,12.4,5.0,2.5,0.6
731,23,2003,Charlotte Sting,Dana Cherry,NULL,Arkansas,0,NULL,NULL,NULL,NULL,NULL,NULL,NULL
732,24,2003,New York Liberty,Sonja Mallory,NULL,Georgia Tech,1,6,0.0,-0.035,7.3,1.7,1.7,0.0
733,25,2003,San Antonio Silver Stars,Ke-Ke Tardy,NULL,LSU,0,NULL,NULL,NULL,NULL,NULL,NULL,NULL
734,26,2003,New York Liberty,K.B. Sharp,NULL,Cincinnati,6,178,1.9,0.034,12.2,2.4,0.9,1.2
735,27,2003,Los Angeles Sparks,Schuye LaRue,NULL,Virginia,0,NULL,NULL,NULL,NULL,NULL,NULL,NULL
736,28,2003,Detroit Shock,Syreeta Bromfield,NULL,Michigan State,0,NULL,NULL,NULL,NULL,NULL,NULL,NULL
737,29,2003,Minnesota Lynx,Carla Bennett,NULL,Drake University,0,NULL,NULL,NULL,NULL,NULL,NULL,NULL
738,30,2003,Cleveland Rockers,Shaquala Williams,NULL,Oregon,1,25,0.3,0.060,9.2,2.0,1.3,0.8
739,31,2003,Phoenix Mercury,Telisha Quarles,NULL,Virginia,0,NULL,NULL,NULL,NULL,NULL,NULL,NULL
740,32,2003,Washington Mystics,Trish Juhline,NULL,Villanova,0,NULL,NULL,NULL,NULL,NULL,NULL,NULL
741,33,2003,Phoenix Mercury,Marion Jones,NULL,UNC,2,47,0.1,0.010,8.6,2.6,1.3,0.5
742,34,2003,Connecticut Sun,Lindsey Wilson,NULL,Iowa State,0,NULL,NULL,NULL,NULL,NULL,NULL,NULL
743,35,2003,Indiana Fever,Ashley McElhiney,NULL,Vanderbilt,0,NULL,NULL,NULL,NULL,NULL,NULL,NULL
744,36,2003,Washington Mystics,Tamara Bowie,NULL,Ball State University,0,NULL,NULL,NULL,NULL,NULL,NULL,NULL
745,37,2003,Seattle Storm,Chrissy Floyd,NULL,Clemson,0,NULL,NULL,NULL,NULL,NULL,NULL,NULL
746,38,2003,Houston Comets,Constance Jinks,NULL,UNLV,0,NULL,NULL,NULL,NULL,NULL,NULL,NULL
747,39,2003,New York Liberty,Nicole Kaczmarski,NULL,UCLA,0,NULL,NULL,NULL,NULL,NULL,NULL,NULL
748,40,2003,San Antonio Silver Stars,Brooke Armistead,NULL,Austin Peay State University,0,NULL,NULL,NULL,NULL,NULL,NULL,NULL
749,41,2003,Houston Comets,Oxana Rakhmatulina,Russia,NULL,0,NULL,NULL,NULL,NULL,NULL,NULL,NULL
750,42,2003,Los Angeles Sparks,Mary Jo Noon,NULL,Purdue,0,NULL,NULL,NULL,NULL,NULL,NULL,NULL
751,1,2002,Seattle Storm,Sue Bird,NULL,UConn,19,580,61.6,0.136,31.2,11.7,2.5,5.6
752,2,2002,Detroit Shock,Swin Cash,NULL,UConn,15,479,35.6,0.106,28.1,10.7,5.3,2.4
753,3,2002,Washington Mystics,Stacey Dales,NULL,Oklahoma,5,150,6.3,0.065,25.9,9.2,2.2,2.7
754,4,2002,Washington Mystics,Asjha Jones,NULL,UConn,12,368,21.0,0.093,24.5,10.9,4.8,1.7
755,5,2002,Portland Fire,Nikki Teasley,NULL,UNC,7,207,15.4,0.104,28.5,8.2,3.0,4.7
756,6,2002,Minnesota Lynx,Tamika Williams,NULL,UConn,7,219,13.8,0.109,23.2,6.1,5.1,1.0
757,7,2002,Charlotte Sting,Sheila Lambert,NULL,Baylor,4,76,-0.2,-0.006,15.0,4.2,1.5,1.7
758,8,2002,Cleveland Rockers,Deanna Jackson,NULL,UAB,5,142,4.9,0.079,17.7,5.8,2.6,1.0
759,9,2002,Charlotte Sting,Shaunzinski Gortman,NULL,South Carolina,4,77,0.4,0.019,11.1,2.6,1.9,0.7
760,10,2002,Houston Comets,Michelle Snow,NULL,Tennessee,13,402,31.5,0.133,23.6,8.4,6.2,1.1
761,11,2002,Utah Starzz,Danielle Crockrom,NULL,Baylor,1,18,0.1,0.058,4.7,1.6,0.7,0.1
762,12,2002,Sacramento Monarchs,Hamchetou Maiga-Ba,NULL,Old Dominion,9,275,5.7,0.050,16.5,5.3,2.4,1.1
763,13,2002,Indiana Fever,Tawana McDonald,NULL,Georgia,0,NULL,NULL,NULL,NULL,NULL,NULL,NULL
764,14,2002,Utah Starzz,LaNeishea Caufield,NULL,Oklahoma,1,8,0.0,0.029,8.1,2.4,0.6,0.1
765,15,2002,Miami Sol,Tamara Moore,NULL,Wisconsin,6,145,4.8,0.085,15.7,4.4,1.7,1.8
766,16,2002,Los Angeles Sparks,Rosalind Ross,NULL,Oklahoma,0,NULL,NULL,NULL,NULL,NULL,NULL,NULL
767,17,2002,Indiana Fever,Zuzi Klimesova,NULL,Vanderbilt,2,12,-0.2,-0.144,3.5,0.6,0.4,0.2
768,18,2002,Detroit Shock,Lenae Williams,NULL,DePaul,1,27,-0.6,-0.138,6.6,2.7,0.7,0.1
769,19,2002,Seattle Storm,Lucienne Berthieu,NULL,Old Dominion,3,43,1.0,0.113,8.2,3.0,1.7,0.2
770,20,2002,Detroit Shock,Ayana Walker,NULL,Louisiana Tech,6,132,2.0,0.052,11.6,2.7,2.4,0.4
771,21,2002,Detroit Shock,Jill Chapman-Daily,NULL,Indiana,1,19,-0.1,-0.028,6.3,1.2,1.4,0.0
772,22,2002,Detroit Shock,Kathy Wambe,Belgium,NULL,0,NULL,NULL,NULL,NULL,NULL,NULL,NULL
773,23,2002,Orlando Miracle,Davalyn Cunningham,NULL,Rutgers University,1,6,-0.1,-0.259,3.5,0.0,0.3,0.0
774,24,2002,Cleveland Rockers,Brandi McCain,NULL,Florida,1,31,-0.3,-0.032,12.6,2.7,0.8,1.3
775,25,2002,Phoenix Mercury,Tootie Shaw,NULL,Wichita State,0,NULL,NULL,NULL,NULL,NULL,NULL,NULL
776,26,2002,New York Liberty,Linda Frohlich,NULL,UNLV,4,72,0.6,0.047,7.0,2.3,1.3,0.4
777,27,2002,Utah Starzz,Andrea Gardner,NULL,Howard University,2,52,0.4,0.045,7.2,2.2,2.1,0.2
778,28,2002,Seattle Storm,Felicia Ragland,NULL,Oregon State,4,72,1.9,0.074,13.8,3.7,1.6,0.9
779,29,2002,Miami Sol,Lindsey Yamasaki,NULL,Stanford,2,39,0.1,0.010,7.6,1.7,0.7,0.5
780,30,2002,Los Angeles Sparks,Gergana Slavtcheva,NULL,Florida International University,1,2,-0.1,-0.292,6.0,0.0,0.0,0.5
781,31,2002,Cleveland Rockers,Angie Welle,NULL,Iowa State,0,NULL,NULL,NULL,NULL,NULL,NULL,NULL
782,32,2002,Los Angeles Sparks,Jackie Higgins,NULL,UNC,0,NULL,NULL,NULL,NULL,NULL,NULL,NULL
783,33,2002,Washington Mystics,LaNisha Cartwell,NULL,Alabama,0,NULL,NULL,NULL,NULL,NULL,NULL,NULL
784,34,2002,Indiana Fever,Kelly Komara,NULL,Purdue,0,NULL,NULL,NULL,NULL,NULL,NULL,NULL
785,35,2002,Seattle Storm,Takeisha Lewis,NULL,Louisiana Tech,1,14,0.2,0.106,4.1,1.3,1.7,0.2
786,36,2002,Washington Mystics,Teresa Geter,NULL,South Carolina,0,NULL,NULL,NULL,NULL,NULL,NULL,NULL
787,37,2002,Portland Fire,Mandy Nightingale,NULL,Colorado,0,NULL,NULL,NULL,NULL,NULL,NULL,NULL
788,38,2002,Minnesota Lynx,Lindsey Meder,NULL,Iowa,0,NULL,NULL,NULL,NULL,NULL,NULL,NULL
789,39,2002,Orlando Miracle,Saundra Jackson,NULL,Ole Miss,0,NULL,NULL,NULL,NULL,NULL,NULL,NULL
790,40,2002,Phoenix Mercury,Kayte Christensen,NULL,UC Santa Barbara,6,143,3.0,0.061,13.6,3.2,2.6,0.5
791,41,2002,Charlotte Sting,Edniesha Curry,NULL,Oregon,2,33,0.1,0.009,9.6,1.7,0.7,1.1
792,42,2002,Houston Comets,Shondra Johnson,NULL,Alabama,0,NULL,NULL,NULL,NULL,NULL,NULL,NULL
793,43,2002,Utah Starzz,Edmarie Lumbsley,NULL,Mobile University,0,NULL,NULL,NULL,NULL,NULL,NULL,NULL
794,44,2002,Sacramento Monarchs,Alayne Ingram,NULL,Michigan,0,NULL,NULL,NULL,NULL,NULL,NULL,NULL
795,45,2002,Miami Sol,Jerica Watson,NULL,Iowa,0,NULL,NULL,NULL,NULL,NULL,NULL,NULL
796,46,2002,New York Liberty,Tracy Gahan,NULL,Iowa State,0,NULL,NULL,NULL,NULL,NULL,NULL,NULL
797,47,2002,Detroit Shock,Ericka Haney,NULL,Notre Dame,0,NULL,NULL,NULL,NULL,NULL,NULL,NULL
798,48,2002,Los Angeles Sparks,Rashana Barnes,NULL,Penn State,0,NULL,NULL,NULL,NULL,NULL,NULL,NULL
799,49,2002,Indiana Fever,LaKeisha Taylor,NULL,Arizona,0,NULL,NULL,NULL,NULL,NULL,NULL,NULL
800,50,2002,Portland Fire,Melody Johnson,NULL,Arizona State,0,NULL,NULL,NULL,NULL,NULL,NULL,NULL
801,51,2002,Sacramento Monarchs,Jermisha Dosty,NULL,Saint Mary's,0,NULL,NULL,NULL,NULL,NULL,NULL,NULL
802,52,2002,Indiana Fever,Jillian Danker,NULL,Vanderbilt,0,NULL,NULL,NULL,NULL,NULL,NULL,NULL
803,53,2002,Portland Fire,Monique Cardenas,NULL,Florida,0,NULL,NULL,NULL,NULL,NULL,NULL,NULL
804,54,2002,Minnesota Lynx,Sharron Francis,NULL,Old Dominion,0,NULL,NULL,NULL,NULL,NULL,NULL,NULL
805,55,2002,Orlando Miracle,Tomeka Brown,NULL,Ohio State,0,NULL,NULL,NULL,NULL,NULL,NULL,NULL
806,56,2002,Phoenix Mercury,Amba Kongolo,NULL,NC Central,0,NULL,NULL,NULL,NULL,NULL,NULL,NULL
807,57,2002,Charlotte Sting,Jessie Stomski,NULL,Wisconsin,0,NULL,NULL,NULL,NULL,NULL,NULL,NULL
808,58,2002,Houston Comets,Cori Enghusen,NULL,Stanford,0,NULL,NULL,NULL,NULL,NULL,NULL,NULL
809,59,2002,Utah Starzz,Jacklyn Winfield,NULL,Southern University and A&M College,0,NULL,NULL,NULL,NULL,NULL,NULL,NULL
810,60,2002,Sacramento Monarchs,Elizabeth Pickney,NULL,Arizona,0,NULL,NULL,NULL,NULL,NULL,NULL,NULL
811,61,2002,Miami Sol,Jerkisha Dosty,NULL,Saint Mary's,0,NULL,NULL,NULL,NULL,NULL,NULL,NULL
812,62,2002,New York Liberty,Deedee Warley,NULL,Maryland,0,NULL,NULL,NULL,NULL,NULL,NULL,NULL
813,63,2002,Cleveland Rockers,Marche Strickland,NULL,Maryland,0,NULL,NULL,NULL,NULL,NULL,NULL,NULL
814,64,2002,Los Angeles Sparks,Tiffany Thompson,NULL,Old Dominion,0,NULL,NULL,NULL,NULL,NULL,NULL,NULL
815,1,2001,Seattle Storm,Lauren Jackson,Canberra Capitals (Australia),NULL,12,317,73.0,0.288,32.0,18.9,7.7,1.4
816,2,2001,Charlotte Sting,Kelly Miller,NULL,Georgia,12,364,15.6,0.074,23.2,7.1,2.8,2.6
817,3,2001,Indiana Fever,Tamika Catchings,NULL,Tennessee,15,457,93.7,0.260,31.5,16.1,7.3,3.3
818,4,2001,Portland Fire,Jackie Stiles,NULL,NULL,2,53,2.7,0.077,26.5,11.4,1.8,1.4
819,5,2001,Miami Sol,Ruth Riley,NULL,Notre Dame,13,387,17.2,0.080,22.2,6.3,4.1,1.2
820,6,2001,Detroit Shock,Deanna Nolan,NULL,Georgia,9,293,31.3,0.137,31.3,13.6,3.8,3.2
821,7,2001,Minnesota Lynx,Svetlana Abrosimova,NULL,UConn,10,263,9.6,0.061,24.2,9.2,4.1,2.1
822,8,2001,Utah Starzz,Marie Ferdinand-Harris,NULL,LSU,10,305,14.7,0.080,24.2,9.8,2.7,1.7
823,9,2001,Washington Mystics,Coco Miller,NULL,Georgia,12,352,9.0,0.057,18.1,5.8,2.1,1.4
824,10,2001,Orlando Miracle,Katie Douglas,NULL,Purdue,14,412,48.9,0.155,30.7,13.5,3.8,2.6
825,11,2001,Cleveland Rockers,Penny Taylor,Dandenong Rangers (Australia),NULL,13,355,49.0,0.206,26.8,13.0,4.4,3.0
826,12,2001,Portland Fire,LaQuanda Barksdale,NULL,UNC,3,48,-0.2,-0.018,10.2,3.4,1.6,0.4
827,13,2001,Phoenix Mercury,Kristen Veal,Australia,NULL,2,52,-1.7,-0.066,19.6,3.6,1.7,3.2
828,14,2001,Indiana Fever,Kelly Schumacher,NULL,UConn,9,222,5.7,0.065,15.8,4.9,3.1,0.5
829,15,2001,Houston Comets,Amanda Lassiter,NULL,Missouri,6,190,4.1,0.044,19.4,4.8,2.7,1.4
830,16,2001,Los Angeles Sparks,Camille Cooper,NULL,Purdue,2,27,0.4,0.083,6.3,2.0,1.0,0.1
831,17,2001,Seattle Storm,Semeka Randall,NULL,Tennessee,4,123,-0.9,-0.015,18.5,5.8,2.5,1.0
832,18,2001,Charlotte Sting,Tammy Sutton-Brown,NULL,Rutgers University,12,388,32.9,0.137,24.7,9.0,5.2,0.6
833,19,2001,Indiana Fever,Niele Ivey,NULL,Notre Dame,5,131,3.5,0.064,17.0,3.1,1.1,1.7
834,20,2001,Portland Fire,Jenny Mowe,NULL,Oregon,3,11,-0.1,-0.081,4.9,0.6,0.5,0.0
835,21,2001,Miami Sol,Georgia Schweitzer,NULL,Duke,3,70,1.8,0.067,15.0,3.2,1.7,1.1
836,22,2001,Detroit Shock,Jae Kingi-Cross,Australia,NULL,3,65,1.4,0.065,13.6,3.3,1.3,1.5
837,23,2001,Minnesota Lynx,Erin Perperoglou,NULL,Master's College,8,218,11.3,0.112,18.4,5.7,3.1,1.2
838,24,2001,Utah Starzz,Michaela Pavlickova,NULL,Denver,2,18,0.0,-0.032,2.8,0.4,0.6,0.1
839,25,2001,Washington Mystics,Tamara Stocks,NULL,Florida,1,3,0.0,0.049,3.7,1.0,0.7,0.0
840,26,2001,Orlando Miracle,Brooke Wyckoff,NULL,Florida State,8,242,4.5,0.040,18.6,3.1,3.1,1.3
841,27,2001,Cleveland Rockers,Jaynetta Saunders,NULL,Texas A&M,2,56,-0.1,-0.010,9.9,3.0,1.4,0.5
842,28,2001,Minnesota Lynx,Janell Burse,NULL,Tulane,8,233,11.9,0.111,18.5,6.8,4.1,0.5
843,29,2001,Phoenix Mercury,Ilona Korstine,Russia,NULL,1,12,-0.2,-0.104,6.3,1.8,0.9,0.4
844,30,2001,Sacramento Monarchs,Jackie Moore,NULL,Cal State Long Beach,1,18,0.0,-0.006,7.1,2.3,1.6,0.2
845,31,2001,Houston Comets,Tynesha Lewis,NULL,NC State,6,143,2.4,0.051,13.1,4.0,1.5,0.9
846,32,2001,Los Angeles Sparks,Nicole Levandusky,NULL,Xavier,1,13,0.2,0.111,5.2,1.5,0.7,0.5
847,33,2001,Houston Comets,ShaRae Mansfield,NULL,Western Kentucky,0,NULL,NULL,NULL,NULL,NULL,NULL,NULL
848,34,2001,Charlotte Sting,Jennifer Phillips,NULL,Xavier,0,NULL,NULL,NULL,NULL,NULL,NULL,NULL
849,35,2001,Indiana Fever,Marlena Williams,NULL,Missouri,0,NULL,NULL,NULL,NULL,NULL,NULL,NULL
850,36,2001,Portland Fire,Rasheeda Clark,NULL,Pepperdine,0,NULL,NULL,NULL,NULL,NULL,NULL,NULL
851,37,2001,Miami Sol,Levys Torres,NULL,Florida State,1,2,-0.1,-0.440,4.0,0.0,0.0,0.0
852,38,2001,Detroit Shock,Svetlana Volnaya,NULL,Virginia,0,NULL,NULL,NULL,NULL,NULL,NULL,NULL
853,39,2001,Minnesota Lynx,Tombi Bell,NULL,Florida,0,NULL,NULL,NULL,NULL,NULL,NULL,NULL
854,40,2001,Utah Starzz,Shea Ralph,NULL,UConn,0,NULL,NULL,NULL,NULL,NULL,NULL,NULL
855,41,2001,Washington Mystics,Jamie Lewis,NULL,Ohio State,0,NULL,NULL,NULL,NULL,NULL,NULL,NULL
856,42,2001,Orlando Miracle,Jaclyn Johnson,NULL,Kansas,1,17,0.1,0.020,8.2,2.1,1.4,0.5
857,43,2001,Cleveland Rockers,Angelina Wolvert,NULL,Oregon,1,1,0.0,0.031,5.0,2.0,1.0,0.0
858,44,2001,Washington Mystics,Elena Karpova,Russia,NULL,0,NULL,NULL,NULL,NULL,NULL,NULL,NULL
859,45,2001,Phoenix Mercury,Tere Williams,NULL,Virginia Tech,0,NULL,NULL,NULL,NULL,NULL,NULL,NULL
860,46,2001,Sacramento Monarchs,Maren Walseth,NULL,Penn State,2,22,-0.3,-0.114,5.1,0.8,1.0,0.3
861,47,2001,Houston Comets,Shala Crawford,NULL,Life University,0,NULL,NULL,NULL,NULL,NULL,NULL,NULL
862,48,2001,Los Angeles Sparks,Kelley Siemon,NULL,Notre Dame,0,NULL,NULL,NULL,NULL,NULL,NULL,NULL
863,49,2001,Seattle Storm,Juana Brown,NULL,UNC,0,NULL,NULL,NULL,NULL,NULL,NULL,NULL
864,50,2001,Charlotte Sting,Reshea Bristol,NULL,Arizona,1,1,0.0,-0.391,5.0,0.0,2.0,0.0
865,51,2001,Indiana Fever,April Brown,NULL,LSU,0,NULL,NULL,NULL,NULL,NULL,NULL,NULL
866,52,2001,Portland Fire,Natasha Pointer,NULL,Rutgers University,0,NULL,NULL,NULL,NULL,NULL,NULL,NULL
867,53,2001,Phoenix Mercury,Carolyn Moos,NULL,Stanford,1,2,0.0,-0.154,3.0,0.0,0.0,0.0
868,54,2001,Detroit Shock,Kelly Santos,Brazil,NULL,3,48,0.4,0.037,9.5,3.0,1.8,0.4
869,55,2001,Minnesota Lynx,Megan Taylor,NULL,Iowa State,0,NULL,NULL,NULL,NULL,NULL,NULL,NULL
870,56,2001,Utah Starzz,Cara Consuegra,NULL,Iowa,1,15,-0.4,-0.280,3.3,0.1,0.4,0.7
871,57,2001,New York Liberty,Taru Tuukkanen,NULL,Xavier,0,NULL,NULL,NULL,NULL,NULL,NULL,NULL
872,58,2001,Orlando Miracle,Anne Thorius,NULL,Michigan,0,NULL,NULL,NULL,NULL,NULL,NULL,NULL
873,59,2001,Cleveland Rockers,Erin Batth,NULL,Clemson,0,NULL,NULL,NULL,NULL,NULL,NULL,NULL
874,60,2001,New York Liberty,Tara Mitchem,NULL,NULL,0,NULL,NULL,NULL,NULL,NULL,NULL,NULL
875,61,2001,Phoenix Mercury,Megan Franza,NULL,Washington,0,NULL,NULL,NULL,NULL,NULL,NULL,NULL
876,62,2001,Sacramento Monarchs,Katie Smrcka-Duffy,NULL,Georgetown,0,NULL,NULL,NULL,NULL,NULL,NULL,NULL
877,63,2001,Houston Comets,Kristen Clement,NULL,Tennessee,0,NULL,NULL,NULL,NULL,NULL,NULL,NULL
878,64,2001,Los Angeles Sparks,Beth Record,NULL,Syracuse,0,NULL,NULL,NULL,NULL,NULL,NULL,NULL
879,1,2000,Cleveland Rockers,Ann Wauters,Valenciennes (France),NULL,9,220,20.2,0.153,24.0,9.9,5.1,1.3
880,2,2000,Washington Mystics,Tausha Mills,Chicago Condors (ABL),Alabama,5,99,0.4,0.018,8.8,2.7,2.6,0.2
881,3,2000,Detroit Shock,Edwina Brown,NULL,Texas,5,130,-0.5,-0.007,19.4,5.1,2.7,2.2
882,4,2000,Orlando Miracle,Cintia dos Santos,Brazil,NULL,3,68,1.4,0.049,16.8,4.9,2.4,0.7
883,5,2000,Minnesota Lynx,Grace Daley,NULL,Tulane,4,71,1.4,0.066,12.1,3.7,1.5,1.2
884,6,2000,Minnesota Lynx,Betty Lennox,NULL,Louisiana Tech,12,320,17.1,0.087,24.6,12.1,4.1,2.0
885,7,2000,Portland Fire,Lynn Pride,NULL,Kansas,4,112,0.7,0.015,16.6,3.8,3.0,1.0
886,8,2000,Detroit Shock,Tamicha Jackson,NULL,Louisiana Tech,7,151,2.6,0.035,19.5,6.8,1.7,2.6
887,9,2000,Seattle Storm,Kamila Vodichkova,BK Gambrinus,NULL,7,202,13.3,0.110,24.0,8.8,5.1,1.4
888,10,2000,Minnesota Lynx,Maylana Martin,NULL,UCLA,2,61,0.7,0.031,15.6,3.7,2.5,0.7
889,11,2000,Charlotte Sting,Summer Erb,NULL,NC State,3,78,1.4,0.072,9.8,3.0,2.2,0.3
890,12,2000,Utah Starzz,Naomi Mulitauaopele,NULL,Stanford,1,22,0.1,0.016,13.2,4.5,1.5,0.3
891,13,2000,New York Liberty,Olga Firsova,NULL,Kansas State,1,9,0.1,0.128,2.1,1.3,0.4,0.1
892,14,2000,Sacramento Monarchs,Katy Steding,Portland Power (ABL),Stanford,2,55,1.1,0.064,12.8,3.5,1.3,0.7
893,15,2000,Los Angeles Sparks,Nicole Kubik,NULL,Nebraska,2,7,0.0,-0.009,5.7,1.1,0.6,1.0
894,16,2000,Houston Comets,Elena Shakirova,Russia,NULL,3,41,1.5,0.163,8.7,2.3,1.6,0.3
895,17,2000,Cleveland Rockers,Helen Darling,NULL,Penn State,10,322,5.7,0.036,19.8,4.1,2.0,2.8
896,18,2000,Washington Mystics,Tonya Massaline,NULL,Florida,4,98,0.2,0.008,9.7,2.6,1.2,0.4
897,19,2000,Miami Sol,Jameka Jones,NULL,UNC Charlotte,1,21,-0.8,-0.134,11.1,3.3,1.0,0.5
898,20,2000,Orlando Miracle,Jannon Roland,New England Blizzard (ABL),Purdue,1,21,-0.5,-0.113,8.2,1.6,0.8,0.4
899,21,2000,Phoenix Mercury,Adrian Williams-Strong,NULL,USC,8,242,6.0,0.051,19.3,5.7,4.7,0.7
900,22,2000,Minnesota Lynx,Marla Brumfield,NULL,Rice University,3,84,0.9,0.035,11.7,2.2,1.1,1.0
901,23,2000,Portland Fire,Stacey Thomas,NULL,Michigan,6,145,2.4,0.042,15.9,3.0,2.4,1.6
902,24,2000,Minnesota Lynx,Keitha Dickerson,NULL,Texas Tech,2,36,0.2,0.010,22.1,3.9,3.9,1.7
903,25,2000,Seattle Storm,Charisse Sampson,New England Blizzard (ABL),Kansas,1,21,1.2,0.176,13.3,3.7,2.0,0.5
904,26,2000,Indiana Fever,Jurgita Streimikyte,Pool Comense (Italy),NULL,3,88,4.6,0.101,20.6,6.3,3.5,1.5
905,27,2000,Charlotte Sting,Tiffany Travis,NULL,Florida,1,32,0.5,0.035,17.9,5.4,2.5,0.8
906,28,2000,Detroit Shock,Madinah Slaise,NULL,Cincinnati,1,3,0.1,0.407,2.3,1.3,0.3,0.0
907,29,2000,New York Liberty,Desiree Francis,NULL,Iowa State,1,1,0.0,-0.564,2.0,0.0,0.0,0.0
908,30,2000,Sacramento Monarchs,Stacy Clinesmith,NULL,UC Santa Barbara,3,54,0.9,0.076,8.6,1.9,0.7,1.5
909,31,2000,Los Angeles Sparks,Paige Sauer,NULL,UConn,3,15,0.1,0.050,5.1,1.5,1.3,0.2
910,32,2000,Houston Comets,Andrea Garner,NULL,Penn State,1,32,-0.6,-0.046,17.5,3.1,3.0,0.8
911,33,2000,Cleveland Rockers,Monique Morehouse,New England Blizzard (ABL),Auburn,0,NULL,NULL,NULL,NULL,NULL,NULL,NULL
912,34,2000,Charlotte Sting,Jill Morton,NULL,Louisville,0,NULL,NULL,NULL,NULL,NULL,NULL,NULL
913,35,2000,Utah Starzz,Stacy Frese,NULL,Iowa State,1,21,0.6,0.115,10.6,3.0,0.9,0.8
914,36,2000,Orlando Miracle,Shawnetta Stewart,NULL,Rutgers University,0,NULL,NULL,NULL,NULL,NULL,NULL,NULL
915,37,2000,Phoenix Mercury,Tauja Catchings,NULL,Illinois,0,NULL,NULL,NULL,NULL,NULL,NULL,NULL
916,38,2000,Minnesota Lynx,Phylesha Whaley,NULL,Oklahoma,0,NULL,NULL,NULL,NULL,NULL,NULL,NULL
917,39,2000,Portland Fire,Maxann Reese,NULL,Michigan State,0,NULL,NULL,NULL,NULL,NULL,NULL,NULL
918,40,2000,Miami Sol,Milena Flores,NULL,Stanford,1,32,-0.2,-0.017,14.8,3.5,0.7,1.5
919,41,2000,Seattle Storm,Kirra Jordan,NULL,Rice University,0,NULL,NULL,NULL,NULL,NULL,NULL,NULL
920,42,2000,Indiana Fever,Usha Gilmore,NULL,Rutgers University,1,4,-0.2,-0.318,5.3,0.5,1.3,0.5
921,43,2000,Charlotte Sting,Peppi Browne,NULL,Duke,0,NULL,NULL,NULL,NULL,NULL,NULL,NULL
922,44,2000,Detroit Shock,Chavonne Hammond,NULL,Vanderbilt,0,NULL,NULL,NULL,NULL,NULL,NULL,NULL
923,45,2000,New York Liberty,Jessica Bibby,Dandenong Rangers (Australia),NULL,1,17,-0.2,-0.096,4.1,1.1,0.3,0.6
924,46,2000,Sacramento Monarchs,Rhonda Banchero,NULL,Washington,1,9,-0.1,-0.119,2.3,0.7,0.3,0.1
925,47,2000,Los Angeles Sparks,Marte Alexander,NULL,Arizona,0,NULL,NULL,NULL,NULL,NULL,NULL,NULL
926,48,2000,Houston Comets,Latavia Coleman,NULL,Florida State,0,NULL,NULL,NULL,NULL,NULL,NULL,NULL
927,49,2000,Cleveland Rockers,Sophie Von Saldern,NULL,California,0,NULL,NULL,NULL,NULL,NULL,NULL,NULL
928,50,2000,Indiana Fever,Latina Davis,NULL,Tennessee,0,NULL,NULL,NULL,NULL,NULL,NULL,NULL
929,51,2000,Utah Starzz,Kristen Rasmussen,NULL,Michigan State,9,276,12.9,0.095,19.7,4.4,3.6,1.3
930,52,2000,Orlando Miracle,Romana Hamzova,Czech Republic,NULL,1,15,-0.1,-0.120,2.9,0.5,0.2,0.3
931,53,2000,Phoenix Mercury,Shantia Owens,NULL,Kentucky,2,33,-0.3,-0.018,18.5,4.0,3.0,0.6
932,54,2000,Minnesota Lynx,Jana Lichnerova,NULL,Saint Joseph's,0,NULL,NULL,NULL,NULL,NULL,NULL,NULL
933,55,2000,Portland Fire,Rhonda Smith,NULL,Cal State Long Beach,0,NULL,NULL,NULL,NULL,NULL,NULL,NULL
934,56,2000,Minnesota Lynx,Shanele Stires,Columbus Quest (ABL),Kansas State,3,48,0.1,0.011,7.1,1.9,1.0,0.5
935,57,2000,Seattle Storm,Katrina Hibbert,NULL,LSU,1,20,-0.2,-0.030,12.0,2.7,1.5,0.9
936,58,2000,Indiana Fever,Renee Robinson,NULL,Virginia,1,2,0.1,0.463,2.5,2.0,0.0,0.0
937,59,2000,Charlotte Sting,Shaka Massey,NULL,Louisiana Tech,0,NULL,NULL,NULL,NULL,NULL,NULL,NULL
938,60,2000,Detroit Shock,Cal Bouchard,NULL,Boston College,0,NULL,NULL,NULL,NULL,NULL,NULL,NULL
939,61,2000,New York Liberty,Natalie Porter,Australia,NULL,0,NULL,NULL,NULL,NULL,NULL,NULL,NULL
940,62,2000,Sacramento Monarchs,Jessica Zinobile,NULL,Saint Francis University,0,NULL,NULL,NULL,NULL,NULL,NULL,NULL
941,63,2000,Los Angeles Sparks,Nicky McCrimmon,NULL,USC,4,125,3.1,0.084,11.9,2.3,0.8,1.7
942,64,2000,Houston Comets,Abbie Willenborg,NULL,Marquette,0,NULL,NULL,NULL,NULL,NULL,NULL,NULL
943,1,1999,Washington Mystics,Chamique Holdsclaw,NULL,Tennessee,11,279,33.2,0.145,32.9,16.9,7.6,2.5
944,2,1999,Sacramento Monarchs,Yolanda Griffith,Chicago Condors (ABL),Florida Atlantic University,11,311,59.4,0.265,28.8,13.6,7.9,1.5
945,3,1999,Utah Starzz,Natalie Williams,Portland Power (ABL),UCLA,7,221,29.3,0.171,31.1,13.1,8.3,1.4
946,4,1999,Los Angeles Sparks,DeLisha Milton-Jones,Portland Power (ABL),Florida,17,499,37.4,0.104,28.8,11.2,5.2,1.8
947,5,1999,Detroit Shock,Jennifer Azzi,San Jose Lasers (ABL),Stanford,5,141,14.4,0.118,34.7,9.1,2.6,4.5
948,6,1999,New York Liberty,Crystal Robinson,Colorado Xplosion (ABL),Southeastern Oklahoma State University,9,245,26.4,0.143,30.1,10.2,2.7,2.0
949,7,1999,Minnesota Lynx,Tonya Edwards,Columbus Quest (ABL),Tennessee,4,125,5.0,0.071,22.7,9.0,2.3,1.7
950,8,1999,Orlando Miracle,Tari Phillips,Colorado Xplosion (ABL),Central Florida,9,232,12.3,0.093,23.0,9.2,5.5,0.9
951,9,1999,Charlotte Sting,Dawn Staley,Philadelphia Rage (ABL),Virginia,8,263,17.7,0.083,32.5,8.5,2.0,5.1
952,10,1999,Phoenix Mercury,Edna Campbell,Colorado Xplosion (ABL),Texas,7,161,3.6,0.041,21.3,7.1,1.7,1.4
953,11,1999,Cleveland Rockers,Chasity Melvin,Philadelphia Rage (ABL),NC State,12,393,33.9,0.129,26.6,9.7,5.4,1.3
954,12,1999,Houston Comets,Natalia Zasulskaya,Russia,NULL,0,NULL,NULL,NULL,NULL,NULL,NULL,NULL
955,13,1999,Washington Mystics,Shalonda Enis,Seattle Reign (ABL),Alabama,5,106,5.8,0.094,23.2,7.7,4.2,0.8
956,14,1999,Sacramento Monarchs,Kedra Holland-Corn,San Jose Lasers (ABL),Georgia,7,223,13.1,0.095,24.9,8.7,2.1,1.9
957,15,1999,Utah Starzz,Debbie Black,Colorado Xplosion (ABL),Saint Joseph's,6,193,10.6,0.096,22.8,3.9,2.8,3.2
958,16,1999,Los Angeles Sparks,Clarisse Machanguana,San Jose Lasers (ABL),Old Dominion,4,118,4.5,0.109,14.2,4.1,2.6,0.5
959,17,1999,Detroit Shock,Val Whiting-Raymond,Seattle Reign (ABL),Stanford,3,63,1.3,0.040,20.3,4.8,4.7,1.1
960,18,1999,New York Liberty,Michele Van Gorp,NULL,Duke,6,132,0.5,0.012,11.4,3.2,2.1,0.4
961,19,1999,Minnesota Lynx,Trisha Fallon,Australia,NULL,2,57,2.6,0.093,19.7,7.0,1.7,1.0
962,20,1999,Orlando Miracle,Sheri Sam,San Jose Lasers (ABL),Vanderbilt,10,328,20.4,0.088,28.3,10.2,4.1,2.3
963,21,1999,Charlotte Sting,Stephanie White,NULL,Purdue,5,142,6.7,0.098,19.2,5.9,1.6,2.0
964,22,1999,Phoenix Mercury,Clarissa Davis-Wrightsil,San Jose Lasers (ABL),Texas,1,14,0.7,0.106,18.5,9.3,2.7,1.4
965,23,1999,Cleveland Rockers,Mery Andrade,NULL,Old Dominion,5,140,4.7,0.068,19.9,4.2,2.1,2.1
966,24,1999,Houston Comets,Sonja Henning,Portland Power (ABL),Stanford,5,151,4.0,0.043,24.5,3.2,2.3,2.3
967,25,1999,Washington Mystics,Andrea Nagy,Philadelphia Rage (ABL),Florida International University,4,102,0.3,0.005,22.2,3.2,1.8,3.5
968,26,1999,Sacramento Monarchs,Kate Starbird,Seattle Reign (ABL),Stanford,5,112,1.5,0.048,11.2,3.3,1.1,0.8
969,27,1999,Utah Starzz,Adrienne Goodson,Chicago Condors (ABL),Old Dominion,7,221,12.1,0.075,29.2,12.2,5.1,2.0
970,28,1999,Los Angeles Sparks,Ukari Figgs,NULL,Purdue,5,151,11.8,0.122,25.7,6.5,2.3,3.1
971,29,1999,Detroit Shock,Dominique Canty,NULL,Alabama,14,380,11.9,0.052,24.0,7.3,2.5,2.8
972,30,1999,New York Liberty,Tamika Whitmore,NULL,Memphis,11,350,20.4,0.095,24.4,9.6,3.9,1.0
973,31,1999,Minnesota Lynx,Andrea Lloyd-Curry,Columbus Quest (ABL),Texas,2,46,2.0,0.066,26.8,6.3,3.9,2.5
974,32,1999,Orlando Miracle,Taj McWilliams-Franklin,Philadelphia Rage (ABL),St. Edward's University,14,440,53.9,0.159,30.8,11.4,6.8,2.0
975,33,1999,Charlotte Sting,Charlotte Smith,San Jose Lasers (ABL),UNC,8,237,7.8,0.056,23.6,6.0,3.4,1.5
976,34,1999,Phoenix Mercury,Lisa Harrison,Columbus Quest (ABL),Tennessee,6,187,10.0,0.088,24.2,6.0,3.6,1.2
977,35,1999,Cleveland Rockers,Tracy Henderson,Nashville Noise (ABL),Georgia,3,61,-0.9,-0.068,8.6,1.8,2.1,0.2
978,36,1999,Houston Comets,Kara Wolters,New England Blizzard (ABL),UConn,4,86,3.8,0.118,15.0,6.5,3.2,0.7
979,37,1999,Washington Mystics,Jennifer Whittle,Australia,NULL,2,7,-0.4,-0.416,5.4,0.0,0.6,0.0
980,38,1999,Sacramento Monarchs,Amy Herrig,NULL,Iowa,3,85,1.1,0.043,12.4,3.3,2.3,0.4
981,39,1999,Utah Starzz,Dalma Ivanyi,NULL,Florida International University,5,106,-1.2,-0.031,14.0,2.1,1.5,1.8
982,40,1999,Los Angeles Sparks,La'Keshia Frett,Philadelphia Rage (ABL),Georgia,7,201,4.2,0.060,13.7,4.0,1.9,0.8
983,41,1999,Detroit Shock,Astou Ndiaye-Diatta,Seattle Reign (ABL),Southern Nazarene University,8,163,4.3,0.052,20.4,7.6,4.2,1.0
984,42,1999,New York Liberty,Carolyn Young,New England Blizzard (ABL),Auburn,2,42,0.4,0.035,11.1,4.6,1.1,0.6
985,43,1999,Minnesota Lynx,Sonja Tate,Columbus Quest (ABL),Arkansas State University,2,40,1.1,0.048,23.1,4.3,3.5,2.6
986,44,1999,Orlando Miracle,Carla McGhee,Columbus Quest (ABL),Tennessee,4,81,-0.3,-0.016,8.9,1.9,1.5,0.4
987,45,1999,Charlotte Sting,Angie Braziel,NULL,Texas Tech,3,52,0.7,0.049,11.3,3.9,2.3,0.3
988,46,1999,Phoenix Mercury,Amanda Wilson,NULL,Louisiana Tech,2,15,0.1,0.093,2.9,0.9,0.5,0.2
989,47,1999,Cleveland Rockers,Kellie Jolly Harper,NULL,Tennessee,1,1,-0.1,-0.716,4.0,0.0,0.0,1.0
990,48,1999,Houston Comets,Jennifer Rizzotti,New England Blizzard (ABL),UConn,5,148,4.1,0.070,16.0,3.1,1.4,1.8
991,49,1999,Minnesota Lynx,Angie Potthoff,Columbus Quest (ABL),Penn State,2,35,0.1,0.008,20.5,3.6,2.5,1.1
992,50,1999,Orlando Miracle,Elaine Powell,Portland Power (ABL),LSU,10,265,10.2,0.071,21.7,5.7,2.5,2.8
993,1,1998,Utah Starzz,Margo Dydek,Poland,NULL,11,323,26.8,0.136,24.4,10.0,6.6,1.6
994,2,1998,Sacramento Monarchs,Ticha Penicheiro,NULL,Old Dominion,15,454,27.4,0.086,28.2,6.1,3.3,5.7
995,3,1998,Washington Mystics,Murriel Page,NULL,Florida,11,354,15.4,0.073,23.9,6.1,4.5,1.2
996,4,1998,Detroit Shock,Korie Hlede,NULL,Duquesne,5,133,5.8,0.076,22.9,8.9,2.8,2.1
997,5,1998,Los Angeles Sparks,Allison Feaster,NULL,Harvard University,10,284,18.2,0.115,22.2,8.0,2.4,1.4
998,6,1998,Cleveland Rockers,Cindy Blodgett,NULL,University of Maine,4,65,0.1,0.012,6.5,2.5,0.5,0.4
999,7,1998,Charlotte Sting,Tracy Reid,NULL,UNC,6,116,3.3,0.054,21.1,7.5,3.4,1.0
1000,8,1998,Phoenix Mercury,Maria Stepanova,Russia,NULL,5,114,8.5,0.164,18.2,7.6,4.7,0.9
1001,9,1998,New York Liberty,Alicia Thompson,NULL,Texas Tech,6,143,3.8,0.072,14.9,5.3,2.5,0.7
1002,10,1998,Houston Comets,Polina Tzekova,Bulgaria,NULL,1,32,1.9,0.099,24.3,6.1,5.1,1.0
1003,11,1998,Utah Starzz,Olympia Scott,NULL,Stanford,10,219,3.2,0.036,16.0,4.7,3.2,0.8
1004,12,1998,Sacramento Monarchs,Tangela Smith,NULL,Iowa,15,463,27.8,0.087,27.5,10.9,5.0,1.2
1005,13,1998,Washington Mystics,Rita Williams,NULL,UConn,6,186,6.9,0.069,21.7,6.4,2.0,2.2
1006,14,1998,Detroit Shock,Rachael Sporn,Australia,NULL,3,71,1.9,0.066,16.1,4.0,3.1,1.1
1007,15,1998,Los Angeles Sparks,Octavia Blue,NULL,Miami (FL),3,59,0.0,0.001,8.9,2.1,1.2,0.3
1008,16,1998,Cleveland Rockers,Suzie McConnell Serio,NULL,Penn State,3,78,3.2,0.062,26.9,6.7,2.0,4.8
1009,17,1998,Charlotte Sting,Christy Smith,NULL,Arkansas,2,28,0.5,0.040,16.7,3.6,1.3,2.6
1010,18,1998,Phoenix Mercury,Andrea Kuklova,Slovakia,NULL,2,34,-0.1,-0.008,10.4,2.9,1.1,0.9
1011,19,1998,New York Liberty,Nadine Domond,NULL,Iowa,1,9,-0.1,-0.048,10.2,3.0,1.0,1.0
1012,20,1998,Houston Comets,Nyree Roberts,NULL,Old Dominion,2,26,0.2,0.047,5.2,1.3,0.8,0.1
1013,21,1998,Utah Starzz,LaTonya Johnson,NULL,Memphis,7,179,-0.9,-0.014,14.0,3.8,1.3,0.7
1014,22,1998,Sacramento Monarchs,Quacy Barnes,NULL,Indiana,4,70,-0.8,-0.032,14.8,4.2,1.8,0.7
1015,23,1998,Washington Mystics,Angie Hamblin,NULL,Iowa,1,6,-0.2,-0.259,4.8,1.0,1.2,0.3
1016,24,1998,Detroit Shock,Gergana Branzova,NULL,Florida International University,1,26,0.1,0.022,7.8,2.7,1.6,0.3
1017,25,1998,Los Angeles Sparks,Rehema Stephens,NULL,UCLA,1,8,-0.5,-0.250,10.1,3.3,1.3,0.5
1018,26,1998,Cleveland Rockers,Tanja Kostic,NULL,Oregon State,2,10,-0.2,-0.108,7.6,1.2,0.7,0.6
1019,27,1998,Charlotte Sting,Pollyanna Johns Kimbrough,NULL,Michigan,6,134,4.5,0.103,12.9,3.2,2.5,0.5
1020,28,1998,Phoenix Mercury,Brandy Reed,NULL,Southern Miss,5,87,11.1,0.203,25.3,13.5,4.9,2.0
1021,29,1998,New York Liberty,Albena Branzova,NULL,Florida International University,1,11,-0.1,-0.042,8.5,2.1,1.5,0.5
1022,30,1998,Houston Comets,Amaya Valdemoro,Spain,NULL,3,55,0.8,0.100,5.9,2.3,0.8,0.5
1023,31,1998,Utah Starzz,Tricia Bader Binford,NULL,Boise State,5,100,-0.5,-0.028,7.6,1.4,0.5,0.8
1024,32,1998,Sacramento Monarchs,Adia Barnes,NULL,Arizona,7,132,2.4,0.047,15.3,3.8,2.6,0.9
1025,33,1998,Washington Mystics,Angela Jackson,NULL,Texas,1,7,0.1,0.132,5.1,1.4,0.6,0.0
1026,34,1998,Detroit Shock,Sandy Brondello,Australia,NULL,5,155,12.4,0.108,29.6,11.4,1.9,2.3
1027,35,1998,Los Angeles Sparks,Erika Keinast,NULL,UC Santa Barbara,0,NULL,NULL,NULL,NULL,NULL,NULL,NULL
1028,36,1998,Cleveland Rockers,Tammye Jenkins,NULL,Georgia,0,NULL,NULL,NULL,NULL,NULL,NULL,NULL
1029,37,1998,Charlotte Sting,Sonia Chase,NULL,Maryland,2,36,0.2,0.036,6.2,1.3,0.5,0.5
1030,38,1998,Phoenix Mercury,Karen Wilkins,NULL,Howard University,0,NULL,NULL,NULL,NULL,NULL,NULL,NULL
1031,39,1998,New York Liberty,Vanessa Nygaard,NULL,Stanford,5,107,4.3,0.098,16.2,4.6,2.3,0.5
1032,40,1998,Houston Comets,Monica Lamb,NULL,USC,3,46,3.8,0.185,17.9,4.3,3.8,0.3
1033,1,1997,Houston Comets,Tina Thompson,NULL,USC,17,496,60.7,0.151,32.4,15.1,6.2,1.6
1034,2,1997,Sacramento Monarchs,Pamela McGee,NULL,USC,2,57,2.0,0.064,22.1,8.6,4.6,0.6
1035,3,1997,Los Angeles Sparks,Jamila Wideman,NULL,Stanford,4,84,-1.3,-0.037,16.6,2.2,1.4,2.5
1036,4,1997,Cleveland Rockers,Eva Nemcova,Bourges (France),NULL,5,111,10.4,0.122,30.6,11.7,3.5,1.9
1037,5,1997,Utah Starzz,Tammi Reiss,NULL,Virginia,2,50,-0.1,-0.002,26.2,7.2,2.3,2.7
1038,6,1997,New York Liberty,Sue Wicks,NULL,Rutgers University,6,182,7.2,0.084,18.8,4.5,4.3,1.0
1039,7,1997,Charlotte Sting,Tora Suber,NULL,Virginia,3,83,1.4,0.046,15.3,4.0,1.3,1.8
1040,8,1997,Phoenix Mercury,Toni Foster,NULL,Iowa,3,54,4.9,0.195,18.4,6.5,3.9,0.9
1041,9,1997,Phoenix Mercury,Tia Jackson,NULL,Iowa,1,26,0.5,0.063,12.3,2.8,2.2,1.0
1042,10,1997,Charlotte Sting,Sharon Manning,NULL,NC State,4,114,5.2,0.108,17.0,4.7,4.2,0.7
1043,11,1997,New York Liberty,Sophia Witherspoon,NULL,Florida,7,207,13.9,0.115,23.5,10.7,2.2,1.5
1044,12,1997,Utah Starzz,Jessie Hicks,NULL,Maryland,6,169,2.2,0.044,11.7,4.2,2.1,0.5
1045,13,1997,Cleveland Rockers,Merlakia Jones,NULL,Florida,8,251,14.3,0.090,25.3,9.4,3.7,1.4
1046,14,1997,Los Angeles Sparks,Tamecka Dixon,NULL,Kansas,13,360,22.5,0.095,26.3,9.7,2.9,2.7
1047,15,1997,Sacramento Monarchs,Denique Graves,NULL,Howard University,1,22,-0.6,-0.287,3.9,0.7,0.7,0.0
1048,16,1997,Houston Comets,Tammy Jackson,NULL,Florida,6,143,4.4,0.090,13.6,2.8,2.8,0.4
1049,17,1997,Houston Comets,Racquel Spurlock,NULL,Louisiana Tech,0,NULL,NULL,NULL,NULL,NULL,NULL,NULL
1050,18,1997,Sacramento Monarchs,Chantel Tremitiere,NULL,Auburn,4,101,-0.8,-0.014,22.5,4.3,2.2,3.1
1051,19,1997,Los Angeles Sparks,Katrina Colleton,NULL,Maryland,4,104,0.7,0.013,21.0,4.9,1.7,1.4
1052,20,1997,Cleveland Rockers,Tina Nicholson,NULL,Penn State,1,24,0.1,0.010,11.4,2.0,0.4,1.8
1053,21,1997,Utah Starzz,Raegan Scott,NULL,Colorado,2,30,0.3,0.053,7.0,1.7,1.2,0.3
1054,22,1997,New York Liberty,Trena Trice,NULL,NC State,2,38,1.0,0.098,11.0,4.1,2.3,0.1
1055,23,1997,Charlotte Sting,Debra Williams,NULL,Louisiana Tech,1,10,-0.2,-0.062,11.6,2.7,1.3,0.9
1056,24,1997,Phoenix Mercury,Umeki Webb,NULL,NC State,3,71,3.9,0.086,25.6,4.8,3.5,2.5
1057,25,1997,Phoenix Mercury,Monique Ambers,NULL,Arizona State,2,21,0.1,0.035,4.2,0.7,1.0,0.2
1058,26,1997,Charlotte Sting,Andrea Congreaves,NULL,Mercer University,3,84,6.5,0.142,21.9,6.0,3.6,1.3
1059,27,1997,New York Liberty,Kisha Ford,NULL,Georgia Tech,5,124,3.2,0.070,14.6,3.5,1.8,0.7
1060,28,1997,Utah Starzz,Kim Williams,NULL,DePaul,2,58,0.3,0.010,19.8,7.8,2.4,1.8
1061,29,1997,Cleveland Rockers,Anita Maxwell,NULL,New Mexico State,1,9,-0.1,-0.036,7.0,2.1,1.3,0.9
1062,30,1997,Los Angeles Sparks,Travesa Gant,NULL,Lamar,1,2,-0.1,-0.247,6.5,0.0,1.5,0.0
1063,31,1997,Sacramento Monarchs,Tajama Abraham,NULL,George Washington,2,40,-0.8,-0.070,11.7,3.5,1.9,0.3
1064,32,1997,Houston Comets,Catarina Pollini,NULL,Texas,1,13,0.0,0.005,7.2,1.7,0.9,0.4
